date,avg_price,last_price,market_value,order_book_id,quantity,sellable,symbol
2005-06-08,6.49,6.49,999460.0,000001.XSHE,154000,0,平安银行
2005-06-09,6.49,6.48,997920.0,000001.XSHE,154000,154000,平安银行
2005-06-10,6.49,6.58,1013320.0,000001.XSHE,154000,154000,平安银行
2005-06-13,6.49,6.5,1001000.0,000001.XSHE,154000,154000,平安银行
2005-06-14,6.49,6.39,984060.0,000001.XSHE,154000,154000,平安银行
2005-06-15,6.49,6.22,957880.0,000001.XSHE,154000,154000,平安银行
2005-06-16,6.49,6.37,980980.0,000001.XSHE,154000,154000,平安银行
2005-06-17,6.49,6.37,980980.0,000001.XSHE,154000,154000,平安银行
2005-06-20,6.49,6.39,984060.0,000001.XSHE,154000,154000,平安银行
2005-06-21,6.49,6.39,984060.0,000001.XSHE,154000,154000,平安银行
2005-06-22,6.49,6.48,997920.0,000001.XSHE,154000,154000,平安银行
2005-06-23,6.49,6.23,959420.0,000001.XSHE,154000,154000,平安银行
2005-06-24,6.49,6.29,968660.0,000001.XSHE,154000,154000,平安银行
2005-06-27,6.49,6.42,988680.0,000001.XSHE,154000,154000,平安银行
2005-06-28,6.49,6.25,0.0,000001.XSHE,0,0,平安银行
2005-07-20,5.79,5.79,959982.0,000001.XSHE,165800,0,平安银行
2005-07-21,5.79,5.78,958324.0,000001.XSHE,165800,165800,平安银行
2005-07-22,5.79,5.95,986510.0,000001.XSHE,165800,165800,平安银行
2005-07-25,5.79,5.94,984852.0,000001.XSHE,165800,165800,平安银行
2005-07-26,5.79,6.01,996458.0,000001.XSHE,165800,165800,平安银行
2005-07-27,5.79,6.07,1006406.0,000001.XSHE,165800,165800,平安银行
2005-07-28,5.79,6.02,998116.0,000001.XSHE,165800,165800,平安银行
2005-07-29,5.79,5.93,983194.0,000001.XSHE,165800,165800,平安银行
2005-08-01,5.79,5.93,983194.0,000001.XSHE,165800,165800,平安银行
2005-08-02,5.79,6.02,998116.0,000001.XSHE,165800,165800,平安银行
2005-08-03,5.79,6.1,1011380.0,000001.XSHE,165800,165800,平安银行
2005-08-04,5.79,6.04,1001432.0,000001.XSHE,165800,165800,平安银行
2005-08-05,5.79,6.22,1031276.0,000001.XSHE,165800,165800,平安银行
2005-08-08,5.79,6.24,1034592.0,000001.XSHE,165800,165800,平安银行
2005-08-09,5.79,6.27,1039566.0,000001.XSHE,165800,165800,平安银行
2005-08-10,5.79,6.3,1044540.0,000001.XSHE,165800,165800,平安银行
2005-08-11,5.79,6.47,1072726.0,000001.XSHE,165800,165800,平安银行
2005-08-12,5.79,6.2,1027960.0,000001.XSHE,165800,165800,平安银行
2005-08-15,5.79,6.3,1044540.0,000001.XSHE,165800,165800,平安银行
2005-08-16,5.79,6.15,1019670.0,000001.XSHE,165800,165800,平安银行
2005-08-17,5.79,6.19,1026302.0,000001.XSHE,165800,165800,平安银行
2005-08-18,5.79,6.02,0.0,000001.XSHE,0,0,平安银行
2005-09-01,6.29,6.29,995707.0,000001.XSHE,158300,0,平安银行
2005-09-02,6.29,6.26,990958.0,000001.XSHE,158300,158300,平安银行
2005-09-05,6.29,6.31,998873.0,000001.XSHE,158300,158300,平安银行
2005-09-06,6.29,6.15,973545.0,000001.XSHE,158300,158300,平安银行
2005-09-07,6.29,6.21,983043.0,000001.XSHE,158300,158300,平安银行
2005-09-08,6.29,6.32,1000456.0,000001.XSHE,158300,158300,平安银行
2005-09-09,6.29,6.25,989375.0,000001.XSHE,158300,158300,平安银行
2005-09-12,6.29,6.24,987792.0,000001.XSHE,158300,158300,平安银行
2005-09-13,6.29,6.33,1002039.0,000001.XSHE,158300,158300,平安银行
2005-09-14,6.29,6.38,1009954.0,000001.XSHE,158300,158300,平安银行
2005-09-15,6.29,6.28,994124.0,000001.XSHE,158300,158300,平安银行
2005-09-16,6.29,6.3,997290.0,000001.XSHE,158300,158300,平安银行
2005-09-19,6.29,6.28,994124.0,000001.XSHE,158300,158300,平安银行
2005-09-20,6.29,6.14,0.0,000001.XSHE,0,0,平安银行
2005-11-17,5.68,5.68,969576.0,000001.XSHE,170700,0,平安银行
2005-11-18,5.68,5.78,986646.0,000001.XSHE,170700,170700,平安银行
2005-11-21,5.68,5.74,979818.0,000001.XSHE,170700,170700,平安银行
2005-11-22,5.68,5.6,955920.0,000001.XSHE,170700,170700,平安银行
2005-11-23,5.68,5.66,966162.0,000001.XSHE,170700,170700,平安银行
2005-11-24,5.68,5.7,972990.0,000001.XSHE,170700,170700,平安银行
2005-11-25,5.68,5.88,1003716.0,000001.XSHE,170700,170700,平安银行
2005-11-28,5.68,5.79,988353.0,000001.XSHE,170700,170700,平安银行
2005-11-29,5.68,5.78,986646.0,000001.XSHE,170700,170700,平安银行
2005-11-30,5.68,5.84,996888.0,000001.XSHE,170700,170700,平安银行
2005-12-01,5.68,5.8,990060.0,000001.XSHE,170700,170700,平安银行
2005-12-02,5.68,5.83,995181.0,000001.XSHE,170700,170700,平安银行
2005-12-05,5.68,5.62,959334.0,000001.XSHE,170700,170700,平安银行
2005-12-06,5.68,5.76,983232.0,000001.XSHE,170700,170700,平安银行
2005-12-07,5.68,5.81,991767.0,000001.XSHE,170700,170700,平安银行
2005-12-08,5.68,5.81,991767.0,000001.XSHE,170700,170700,平安银行
2005-12-09,5.68,5.88,1003716.0,000001.XSHE,170700,170700,平安银行
2005-12-12,5.68,5.9,1007130.0,000001.XSHE,170700,170700,平安银行
2005-12-13,5.68,5.9,1007130.0,000001.XSHE,170700,170700,平安银行
2005-12-14,5.68,6.07,1036149.0,000001.XSHE,170700,170700,平安银行
2005-12-15,5.68,6.0,1024200.0,000001.XSHE,170700,170700,平安银行
2005-12-16,5.68,6.01,1025907.0,000001.XSHE,170700,170700,平安银行
2005-12-19,5.68,5.99,1022493.0,000001.XSHE,170700,170700,平安银行
2005-12-20,5.68,6.09,1039563.0,000001.XSHE,170700,170700,平安银行
2005-12-21,5.68,6.06,1034442.0,000001.XSHE,170700,170700,平安银行
2005-12-22,5.68,6.06,1034442.0,000001.XSHE,170700,170700,平安银行
2005-12-23,5.68,6.13,1046391.0,000001.XSHE,170700,170700,平安银行
2005-12-26,5.68,6.23,1063461.0,000001.XSHE,170700,170700,平安银行
2005-12-27,5.68,6.2,1058340.0,000001.XSHE,170700,170700,平安银行
2005-12-28,5.68,6.17,1053219.0,000001.XSHE,170700,170700,平安银行
2005-12-29,5.68,6.22,1061754.0,000001.XSHE,170700,170700,平安银行
2005-12-30,5.68,6.14,1048098.0,000001.XSHE,170700,170700,平安银行
2006-01-04,5.68,6.28,1071996.0,000001.XSHE,170700,170700,平安银行
2006-01-05,5.68,6.32,1078824.0,000001.XSHE,170700,170700,平安银行
2006-01-06,5.68,6.41,1094187.0,000001.XSHE,170700,170700,平安银行
2006-01-09,5.68,6.39,1090773.0,000001.XSHE,170700,170700,平安银行
2006-01-10,5.68,6.28,1071996.0,000001.XSHE,170700,170700,平安银行
2006-01-11,5.68,6.23,1063461.0,000001.XSHE,170700,170700,平安银行
2006-01-12,5.68,6.28,0.0,000001.XSHE,0,0,平安银行
2006-02-21,6.79,6.79,1069425.0,000001.XSHE,157500,0,平安银行
2006-02-22,6.79,6.79,1069425.0,000001.XSHE,157500,157500,平安银行
2006-02-23,6.79,7.01,1104075.0,000001.XSHE,157500,157500,平安银行
2006-02-24,6.79,7.03,1107225.0,000001.XSHE,157500,157500,平安银行
2006-02-27,6.79,6.82,1074150.0,000001.XSHE,157500,157500,平安银行
2006-02-28,6.79,6.84,1077300.0,000001.XSHE,157500,157500,平安银行
2006-03-01,6.79,6.78,1067850.0,000001.XSHE,157500,157500,平安银行
2006-03-02,6.79,6.56,1033200.0,000001.XSHE,157500,157500,平安银行
2006-03-03,6.79,6.54,0.0,000001.XSHE,0,0,平安银行
2006-03-28,6.39,6.39,1026873.0,000001.XSHE,160700,0,平安银行
2006-03-29,6.39,6.5,1044550.0,000001.XSHE,160700,160700,平安银行
2006-03-30,6.39,6.37,1023659.0,000001.XSHE,160700,160700,平安银行
2006-03-31,6.39,6.37,1023659.0,000001.XSHE,160700,160700,平安银行
2006-04-03,6.39,6.41,1030087.0,000001.XSHE,160700,160700,平安银行
2006-04-04,6.39,6.57,1055799.0,000001.XSHE,160700,160700,平安银行
2006-04-05,6.39,6.6,1060620.0,000001.XSHE,160700,160700,平安银行
2006-04-06,6.39,6.52,1047764.0,000001.XSHE,160700,160700,平安银行
2006-04-07,6.39,6.47,1039729.0,000001.XSHE,160700,160700,平安银行
2006-04-10,6.39,6.74,1083118.0,000001.XSHE,160700,160700,平安银行
2006-04-11,6.39,6.92,1112044.0,000001.XSHE,160700,160700,平安银行
2006-04-12,6.39,6.74,1083118.0,000001.XSHE,160700,160700,平安银行
2006-04-13,6.39,6.62,1063834.0,000001.XSHE,160700,160700,平安银行
2006-04-14,6.39,6.85,1100795.0,000001.XSHE,160700,160700,平安银行
2006-04-17,6.39,6.82,1095974.0,000001.XSHE,160700,160700,平安银行
2006-04-18,6.39,6.74,1083118.0,000001.XSHE,160700,160700,平安银行
2006-04-19,6.39,6.88,1105616.0,000001.XSHE,160700,160700,平安银行
2006-04-20,6.39,6.79,1091153.0,000001.XSHE,160700,160700,平安银行
2006-04-21,6.39,6.84,1099188.0,000001.XSHE,160700,160700,平安银行
2006-04-24,6.39,6.51,0.0,000001.XSHE,0,0,平安银行
2006-04-27,7.35,7.35,1043700.0,000001.XSHE,142000,0,平安银行
2006-04-28,7.35,7.88,1118960.0,000001.XSHE,142000,142000,平安银行
2006-05-08,7.35,7.86,1116120.0,000001.XSHE,142000,142000,平安银行
2006-05-09,7.35,8.39,1191380.0,000001.XSHE,142000,142000,平安银行
2006-05-10,7.35,8.29,1177180.0,000001.XSHE,142000,142000,平安银行
2006-05-11,7.35,8.32,1181440.0,000001.XSHE,142000,142000,平安银行
2006-05-12,7.35,8.54,1212680.0,000001.XSHE,142000,142000,平安银行
2006-05-15,7.35,8.63,1225460.0,000001.XSHE,142000,142000,平安银行
2006-05-16,7.35,8.2,1164400.0,000001.XSHE,142000,142000,平安银行
2006-05-17,7.35,8.23,1168660.0,000001.XSHE,142000,142000,平安银行
2006-05-18,7.35,8.1,1150200.0,000001.XSHE,142000,142000,平安银行
2006-05-19,7.35,8.31,1180020.0,000001.XSHE,142000,142000,平安银行
2006-05-22,7.35,8.21,1165820.0,000001.XSHE,142000,142000,平安银行
2006-05-23,7.35,7.85,0.0,000001.XSHE,0,0,平安银行
2006-07-03,8.1,8.1,1112130.0,000001.XSHE,137300,0,平安银行
2006-07-04,8.1,8.04,1103892.0,000001.XSHE,137300,137300,平安银行
2006-07-05,8.1,8.05,1105265.0,000001.XSHE,137300,137300,平安银行
2006-07-06,8.1,7.95,1091535.0,000001.XSHE,137300,137300,平安银行
2006-07-07,8.1,7.71,1058583.0,000001.XSHE,137300,137300,平安银行
2006-07-10,8.1,7.71,1058583.0,000001.XSHE,137300,137300,平安银行
2006-07-11,8.1,7.71,1058583.0,000001.XSHE,137300,137300,平安银行
2006-07-12,8.1,7.71,1058583.0,000001.XSHE,137300,137300,平安银行
2006-07-13,8.1,7.71,1058583.0,000001.XSHE,137300,137300,平安银行
2006-07-14,8.1,7.71,1058583.0,000001.XSHE,137300,137300,平安银行
2006-07-17,8.1,7.71,1058583.0,000001.XSHE,137300,137300,平安银行
2006-07-18,8.1,7.71,1058583.0,000001.XSHE,137300,137300,平安银行
2006-07-19,8.1,7.15,0.0,000001.XSHE,0,0,平安银行
2006-08-14,6.81,6.81,978597.0,000001.XSHE,143700,0,平安银行
2006-08-15,6.81,6.9,991530.0,000001.XSHE,143700,143700,平安银行
2006-08-16,6.81,7.03,1010211.0,000001.XSHE,143700,143700,平安银行
2006-08-17,6.81,7.09,1018833.0,000001.XSHE,143700,143700,平安银行
2006-08-18,6.81,6.93,995841.0,000001.XSHE,143700,143700,平安银行
2006-08-21,6.81,7.08,1017396.0,000001.XSHE,143700,143700,平安银行
2006-08-22,6.81,7.06,1014522.0,000001.XSHE,143700,143700,平安银行
2006-08-23,6.81,7.06,1014522.0,000001.XSHE,143700,143700,平安银行
2006-08-24,6.81,7.04,1011648.0,000001.XSHE,143700,143700,平安银行
2006-08-25,6.81,6.99,1004463.0,000001.XSHE,143700,143700,平安银行
2006-08-28,6.81,7.28,1046136.0,000001.XSHE,143700,143700,平安银行
2006-08-29,6.81,7.21,1036077.0,000001.XSHE,143700,143700,平安银行
2006-08-30,6.81,7.21,1036077.0,000001.XSHE,143700,143700,平安银行
2006-08-31,6.81,7.23,1038951.0,000001.XSHE,143700,143700,平安银行
2006-09-01,6.81,7.06,1014522.0,000001.XSHE,143700,143700,平安银行
2006-09-04,6.81,7.1,1020270.0,000001.XSHE,143700,143700,平安银行
2006-09-05,6.81,7.12,1023144.0,000001.XSHE,143700,143700,平安银行
2006-09-06,6.81,7.16,1028892.0,000001.XSHE,143700,143700,平安银行
2006-09-07,6.81,7.2,1034640.0,000001.XSHE,143700,143700,平安银行
2006-09-08,6.81,7.23,1038951.0,000001.XSHE,143700,143700,平安银行
2006-09-11,6.81,7.42,1066254.0,000001.XSHE,143700,143700,平安银行
2006-09-12,6.81,7.43,1067691.0,000001.XSHE,143700,143700,平安银行
2006-09-13,6.81,7.4,1063380.0,000001.XSHE,143700,143700,平安银行
2006-09-14,6.81,7.5,1077750.0,000001.XSHE,143700,143700,平安银行
2006-09-15,6.81,7.63,1096431.0,000001.XSHE,143700,143700,平安银行
2006-09-18,6.81,7.62,1094994.0,000001.XSHE,143700,143700,平安银行
2006-09-19,6.81,7.71,1107927.0,000001.XSHE,143700,143700,平安银行
2006-09-20,6.81,7.68,1103616.0,000001.XSHE,143700,143700,平安银行
2006-09-21,6.81,7.71,1107927.0,000001.XSHE,143700,143700,平安银行
2006-09-22,6.81,7.49,1076313.0,000001.XSHE,143700,143700,平安银行
2006-09-25,6.81,7.59,1090683.0,000001.XSHE,143700,143700,平安银行
2006-09-26,6.81,7.57,1087809.0,000001.XSHE,143700,143700,平安银行
2006-09-27,6.81,8.01,1151037.0,000001.XSHE,143700,143700,平安银行
2006-09-28,6.81,7.95,1142415.0,000001.XSHE,143700,143700,平安银行
2006-09-29,6.81,8.16,1172592.0,000001.XSHE,143700,143700,平安银行
2006-10-09,6.81,8.69,1248753.0,000001.XSHE,143700,143700,平安银行
2006-10-10,6.81,8.69,1248753.0,000001.XSHE,143700,143700,平安银行
2006-10-11,6.81,8.69,1248753.0,000001.XSHE,143700,143700,平安银行
2006-10-12,6.81,8.69,1248753.0,000001.XSHE,143700,143700,平安银行
2006-10-13,6.81,9.03,1297611.0,000001.XSHE,143700,143700,平安银行
2006-10-16,6.81,8.84,1270308.0,000001.XSHE,143700,143700,平安银行
2006-10-17,6.81,8.99,1291863.0,000001.XSHE,143700,143700,平安银行
2006-10-18,6.81,9.09,1306233.0,000001.XSHE,143700,143700,平安银行
2006-10-19,6.81,8.95,1286115.0,000001.XSHE,143700,143700,平安银行
2006-10-20,6.81,9.07,1303359.0,000001.XSHE,143700,143700,平安银行
2006-10-23,6.81,9.03,1297611.0,000001.XSHE,143700,143700,平安银行
2006-10-24,6.81,9.41,1352217.0,000001.XSHE,143700,143700,平安银行
2006-10-25,6.81,9.5,1365150.0,000001.XSHE,143700,143700,平安银行
2006-10-26,6.81,9.82,1411134.0,000001.XSHE,143700,143700,平安银行
2006-10-27,6.81,9.77,1403949.0,000001.XSHE,143700,143700,平安银行
2006-10-30,6.81,9.4,1350780.0,000001.XSHE,143700,143700,平安银行
2006-10-31,6.81,9.55,1372335.0,000001.XSHE,143700,143700,平安银行
2006-11-01,6.81,9.3,1336410.0,000001.XSHE,143700,143700,平安银行
2006-11-02,6.81,9.36,0.0,000001.XSHE,0,0,平安银行
2006-11-07,10.03,10.03,1342014.0,000001.XSHE,133800,0,平安银行
2006-11-08,10.03,10.04,1343352.0,000001.XSHE,133800,133800,平安银行
2006-11-09,10.03,10.45,1398210.0,000001.XSHE,133800,133800,平安银行
2006-11-10,10.03,10.32,1380816.0,000001.XSHE,133800,133800,平安银行
2006-11-13,10.03,10.08,1348704.0,000001.XSHE,133800,133800,平安银行
2006-11-14,10.03,10.06,0.0,000001.XSHE,0,0,平安银行
2006-11-20,10.75,10.75,1342675.0,000001.XSHE,124900,0,平安银行
2006-11-21,10.75,11.83,1477567.0,000001.XSHE,124900,124900,平安银行
2006-11-22,10.75,12.88,1608712.0,000001.XSHE,124900,124900,平安银行
2006-11-23,10.75,12.65,1579985.0,000001.XSHE,124900,124900,平安银行
2006-11-24,10.75,12.68,1583732.0,000001.XSHE,124900,124900,平安银行
2006-11-27,10.75,12.58,1571242.0,000001.XSHE,124900,124900,平安银行
2006-11-28,10.75,12.32,1538768.0,000001.XSHE,124900,124900,平安银行
2006-11-29,10.75,12.37,1545013.0,000001.XSHE,124900,124900,平安银行
2006-11-30,10.75,12.65,1579985.0,000001.XSHE,124900,124900,平安银行
2006-12-01,10.75,12.42,1551258.0,000001.XSHE,124900,124900,平安银行
2006-12-04,10.75,13.15,1642435.0,000001.XSHE,124900,124900,平安银行
2006-12-05,10.75,12.95,1617455.0,000001.XSHE,124900,124900,平安银行
2006-12-06,10.75,13.09,1634941.0,000001.XSHE,124900,124900,平安银行
2006-12-07,10.75,13.4,1673660.0,000001.XSHE,124900,124900,平安银行
2006-12-08,10.75,13.14,1641186.0,000001.XSHE,124900,124900,平安银行
2006-12-11,10.75,13.54,1691146.0,000001.XSHE,124900,124900,平安银行
2006-12-12,10.75,13.94,1741106.0,000001.XSHE,124900,124900,平安银行
2006-12-13,10.75,13.41,0.0,000001.XSHE,0,0,平安银行
2007-01-12,15.52,15.52,1669952.0,000001.XSHE,107600,0,平安银行
2007-01-15,15.52,16.3,1753880.0,000001.XSHE,107600,107600,平安银行
2007-01-16,15.52,17.02,1831352.0,000001.XSHE,107600,107600,平安银行
2007-01-17,15.52,17.02,1831352.0,000001.XSHE,107600,107600,平安银行
2007-01-18,15.52,16.18,1740968.0,000001.XSHE,107600,107600,平安银行
2007-01-19,15.52,16.95,1823820.0,000001.XSHE,107600,107600,平安银行
2007-01-22,15.52,17.76,1910976.0,000001.XSHE,107600,107600,平安银行
2007-01-23,15.52,18.1,1947560.0,000001.XSHE,107600,107600,平安银行
2007-01-24,15.52,17.71,1905596.0,000001.XSHE,107600,107600,平安银行
2007-01-25,15.52,17.4,1872240.0,000001.XSHE,107600,107600,平安银行
2007-01-26,15.52,18.27,1965852.0,000001.XSHE,107600,107600,平安银行
2007-01-29,15.52,19.18,2063768.0,000001.XSHE,107600,107600,平安银行
2007-01-30,15.52,20.14,2167064.0,000001.XSHE,107600,107600,平安银行
2007-01-31,15.52,19.13,2058388.0,000001.XSHE,107600,107600,平安银行
2007-02-01,15.52,18.46,1986296.0,000001.XSHE,107600,107600,平安银行
2007-02-02,15.52,17.54,0.0,000001.XSHE,0,0,平安银行
2007-02-14,20.55,20.55,1882380.0,000001.XSHE,91600,0,平安银行
2007-02-15,20.55,20.51,1878716.0,000001.XSHE,91600,91600,平安银行
2007-02-16,20.55,20.8,1905280.0,000001.XSHE,91600,91600,平安银行
2007-02-26,20.55,20.21,1851236.0,000001.XSHE,91600,91600,平安银行
2007-02-27,20.55,19.2,0.0,000001.XSHE,0,0,平安银行
2007-03-22,19.95,19.95,1753605.0,000001.XSHE,87900,0,平安银行
2007-03-23,19.95,19.38,1703502.0,000001.XSHE,87900,87900,平安银行
2007-03-26,19.95,19.16,1684164.0,000001.XSHE,87900,87900,平安银行
2007-03-27,19.95,18.99,0.0,000001.XSHE,0,0,平安银行
2007-04-04,19.89,19.89,1664793.0,000001.XSHE,83700,0,平安银行
2007-04-05,19.89,19.96,1670652.0,000001.XSHE,83700,83700,平安银行
2007-04-06,19.89,19.57,1638009.0,000001.XSHE,83700,83700,平安银行
2007-04-09,19.89,19.72,1650564.0,000001.XSHE,83700,83700,平安银行
2007-04-10,19.89,20.29,1698273.0,000001.XSHE,83700,83700,平安银行
2007-04-11,19.89,21.29,1781973.0,000001.XSHE,83700,83700,平安银行
2007-04-12,19.89,22.35,1870695.0,000001.XSHE,83700,83700,平安银行
2007-04-13,19.89,23.47,1964439.0,000001.XSHE,83700,83700,平安银行
2007-04-16,19.89,23.73,1986201.0,000001.XSHE,83700,83700,平安银行
2007-04-17,19.89,22.95,1920915.0,000001.XSHE,83700,83700,平安银行
2007-04-18,19.89,22.99,1924263.0,000001.XSHE,83700,83700,平安银行
2007-04-19,19.89,21.84,1828008.0,000001.XSHE,83700,83700,平安银行
2007-04-20,19.89,22.6,1891620.0,000001.XSHE,83700,83700,平安银行
2007-04-23,19.89,23.73,1986201.0,000001.XSHE,83700,83700,平安银行
2007-04-24,19.89,23.53,1969461.0,000001.XSHE,83700,83700,平安银行
2007-04-25,19.89,24.71,2068227.0,000001.XSHE,83700,83700,平安银行
2007-04-26,19.89,25.95,2172015.0,000001.XSHE,83700,83700,平安银行
2007-04-27,19.89,25.95,2172015.0,000001.XSHE,83700,83700,平安银行
2007-04-30,19.89,25.95,2172015.0,000001.XSHE,83700,83700,平安银行
2007-05-08,19.89,27.25,2280825.0,000001.XSHE,83700,83700,平安银行
2007-05-09,19.89,27.41,2294217.0,000001.XSHE,83700,83700,平安银行
2007-05-10,19.89,26.8,2243160.0,000001.XSHE,83700,83700,平安银行
2007-05-11,19.89,27.85,2331045.0,000001.XSHE,83700,83700,平安银行
2007-05-14,19.89,27.85,2331045.0,000001.XSHE,83700,83700,平安银行
2007-05-15,19.89,27.85,2331045.0,000001.XSHE,83700,83700,平安银行
2007-05-16,19.89,27.85,2331045.0,000001.XSHE,83700,83700,平安银行
2007-05-17,19.89,27.85,2331045.0,000001.XSHE,83700,83700,平安银行
2007-05-18,19.89,27.85,2331045.0,000001.XSHE,83700,83700,平安银行
2007-05-21,19.89,27.85,2331045.0,000001.XSHE,83700,83700,平安银行
2007-05-22,19.89,27.85,2331045.0,000001.XSHE,83700,83700,平安银行
2007-05-23,19.89,27.85,2331045.0,000001.XSHE,83700,83700,平安银行
2007-05-24,19.89,27.85,2331045.0,000001.XSHE,83700,83700,平安银行
2007-05-25,19.89,29.24,2447388.0,000001.XSHE,83700,83700,平安银行
2007-05-28,19.89,28.6,2393820.0,000001.XSHE,83700,83700,平安银行
2007-05-29,19.89,28.76,2407212.0,000001.XSHE,83700,83700,平安银行
2007-05-30,19.89,27.32,2286684.0,000001.XSHE,83700,83700,平安银行
2007-05-31,19.89,28.69,2401353.0,000001.XSHE,83700,83700,平安银行
2007-06-01,19.89,28.69,2401353.0,000001.XSHE,83700,83700,平安银行
2007-06-04,19.89,28.69,2401353.0,000001.XSHE,83700,83700,平安银行
2007-06-05,19.89,28.69,2401353.0,000001.XSHE,83700,83700,平安银行
2007-06-06,19.89,28.69,2401353.0,000001.XSHE,83700,83700,平安银行
2007-06-07,19.89,28.69,2401353.0,000001.XSHE,83700,83700,平安银行
2007-06-08,19.89,28.69,2401353.0,000001.XSHE,83700,83700,平安银行
2007-06-11,19.89,28.69,2401353.0,000001.XSHE,83700,83700,平安银行
2007-06-12,19.89,28.69,2401353.0,000001.XSHE,83700,83700,平安银行
2007-06-13,19.89,28.69,2401353.0,000001.XSHE,83700,83700,平安银行
2007-06-14,19.89,28.69,2401353.0,000001.XSHE,83700,83700,平安银行
2007-06-15,19.89,28.69,2401353.0,000001.XSHE,83700,83700,平安银行
2007-06-18,19.89,26.07,2182059.0,000001.XSHE,83700,83700,平安银行
2007-06-19,19.89,26.07,2182059.0,000001.XSHE,83700,83700,平安银行
2007-06-20,19.89,31.19,2610603.0,000001.XSHE,83700,83700,平安银行
2007-06-21,19.89,34.31,2871747.0,000001.XSHE,83700,83700,平安银行
2007-06-22,19.89,35.4,2962980.0,000001.XSHE,83700,83700,平安银行
2007-06-25,19.89,35.2,2946240.0,000001.XSHE,83700,83700,平安银行
2007-06-26,19.89,35.2,2946240.0,000001.XSHE,83700,83700,平安银行
2007-06-27,19.89,32.22,2696814.0,000001.XSHE,83700,83700,平安银行
2007-06-28,19.89,30.14,2522718.0,000001.XSHE,83700,83700,平安银行
2007-06-29,19.89,27.52,2303424.0,000001.XSHE,83700,83700,平安银行
2007-07-02,19.89,27.4,0.0,000001.XSHE,0,0,平安银行
2007-07-23,32.95,32.95,2290025.0,000001.XSHE,69500,0,平安银行
2007-07-24,32.95,33.36,2318520.0,000001.XSHE,69500,69500,平安银行
2007-07-25,32.95,35.2,2446400.0,000001.XSHE,69500,69500,平安银行
2007-07-26,32.95,34.99,2431805.0,000001.XSHE,69500,69500,平安银行
2007-07-27,32.95,33.85,2352575.0,000001.XSHE,69500,69500,平安银行
2007-07-30,32.95,34.2,2376900.0,000001.XSHE,69500,69500,平安银行
2007-07-31,32.95,36.23,2517985.0,000001.XSHE,69500,69500,平安银行
2007-08-01,32.95,35.01,2433195.0,000001.XSHE,69500,69500,平安银行
2007-08-02,32.95,37.7,2620150.0,000001.XSHE,69500,69500,平安银行
2007-08-03,32.95,39.11,2718145.0,000001.XSHE,69500,69500,平安银行
2007-08-06,32.95,39.18,2723010.0,000001.XSHE,69500,69500,平安银行
2007-08-07,32.95,39.1,2717450.0,000001.XSHE,69500,69500,平安银行
2007-08-08,32.95,38.82,2697990.0,000001.XSHE,69500,69500,平安银行
2007-08-09,32.95,40.01,2780695.0,000001.XSHE,69500,69500,平安银行
2007-08-10,32.95,39.0,2710500.0,000001.XSHE,69500,69500,平安银行
2007-08-13,32.95,39.1,2717450.0,000001.XSHE,69500,69500,平安银行
2007-08-14,32.95,38.35,2665325.0,000001.XSHE,69500,69500,平安银行
2007-08-15,32.95,38.0,0.0,000001.XSHE,0,0,平安银行
2007-09-26,38.02,38.02,2630984.0,000001.XSHE,69200,0,平安银行
2007-09-27,38.02,38.81,2685652.0,000001.XSHE,69200,69200,平安银行
2007-09-28,38.02,39.98,2766616.0,000001.XSHE,69200,69200,平安银行
2007-10-08,38.02,41.64,2881488.0,000001.XSHE,69200,69200,平安银行
2007-10-09,38.02,40.85,2826820.0,000001.XSHE,69200,69200,平安银行
2007-10-10,38.02,40.0,2768000.0,000001.XSHE,69200,69200,平安银行
2007-10-11,38.02,41.01,2837892.0,000001.XSHE,69200,69200,平安银行
2007-10-12,38.02,39.41,2727172.0,000001.XSHE,69200,69200,平安银行
2007-10-15,38.02,39.8,2754160.0,000001.XSHE,69200,69200,平安银行
2007-10-16,38.02,41.95,2902940.0,000001.XSHE,69200,69200,平安银行
2007-10-17,38.02,41.85,2896020.0,000001.XSHE,69200,69200,平安银行
2007-10-18,38.02,39.5,2733400.0,000001.XSHE,69200,69200,平安银行
2007-10-19,38.02,39.81,2754852.0,000001.XSHE,69200,69200,平安银行
2007-10-22,38.02,39.81,0.0,000001.XSHE,0,0,平安银行
2007-10-24,41.8,41.8,2750440.0,000001.XSHE,65800,0,平安银行
2007-10-25,41.8,41.13,2706354.0,000001.XSHE,65800,65800,平安银行
2007-10-26,41.8,44.58,2933364.0,000001.XSHE,65800,65800,平安银行
2007-10-29,41.8,45.25,2977450.0,000001.XSHE,65800,65800,平安银行
2007-10-30,41.8,45.1,2967580.0,000001.XSHE,65800,65800,平安银行
2007-10-31,41.8,48.05,3161690.0,000001.XSHE,65800,65800,平安银行
2007-11-01,41.8,47.2,3105760.0,000001.XSHE,65800,65800,平安银行
2007-11-02,41.8,45.49,2993242.0,000001.XSHE,65800,65800,平安银行
2007-11-05,41.8,43.76,2879408.0,000001.XSHE,65800,65800,平安银行
2007-11-06,41.8,43.45,2859010.0,000001.XSHE,65800,65800,平安银行
2007-11-07,41.8,44.6,0.0,000001.XSHE,0,0,平安银行
2007-12-05,39.4,39.4,2927420.0,000001.XSHE,74300,0,平安银行
2007-12-06,39.4,39.23,2914789.0,000001.XSHE,74300,74300,平安银行
2007-12-07,39.4,39.8,2957140.0,000001.XSHE,74300,74300,平安银行
2007-12-10,39.4,39.12,2906616.0,000001.XSHE,74300,74300,平安银行
2007-12-11,39.4,38.7,2875410.0,000001.XSHE,74300,74300,平安银行
2007-12-12,39.4,36.98,2747614.0,000001.XSHE,74300,74300,平安银行
2007-12-13,39.4,36.69,2726067.0,000001.XSHE,74300,74300,平安银行
2007-12-14,39.4,37.3,2771390.0,000001.XSHE,74300,74300,平安银行
2007-12-17,39.4,35.32,0.0,000001.XSHE,0,0,平安银行
2007-12-24,38.05,38.05,2617840.0,000001.XSHE,68800,0,平安银行
2007-12-25,38.05,38.05,2617840.0,000001.XSHE,68800,68800,平安银行
2007-12-26,38.05,37.7,2593760.0,000001.XSHE,68800,68800,平安银行
2007-12-27,38.05,39.0,2683200.0,000001.XSHE,68800,68800,平安银行
2007-12-28,38.05,38.6,2655680.0,000001.XSHE,68800,68800,平安银行
2008-01-02,38.05,37.98,2613024.0,000001.XSHE,68800,68800,平安银行
2008-01-03,38.05,37.35,2569680.0,000001.XSHE,68800,68800,平安银行
2008-01-04,38.05,38.37,2639856.0,000001.XSHE,68800,68800,平安银行
2008-01-07,38.05,39.17,2694896.0,000001.XSHE,68800,68800,平安银行
2008-01-08,38.05,40.39,2778832.0,000001.XSHE,68800,68800,平安银行
2008-01-09,38.05,41.11,2828368.0,000001.XSHE,68800,68800,平安银行
2008-01-10,38.05,41.95,2886160.0,000001.XSHE,68800,68800,平安银行
2008-01-11,38.05,44.08,3032704.0,000001.XSHE,68800,68800,平安银行
2008-01-14,38.05,43.45,2989360.0,000001.XSHE,68800,68800,平安银行
2008-01-15,38.05,42.03,2891664.0,000001.XSHE,68800,68800,平安银行
2008-01-16,38.05,39.8,2738240.0,000001.XSHE,68800,68800,平安银行
2008-01-17,38.05,40.9,2813920.0,000001.XSHE,68800,68800,平安银行
2008-01-18,38.05,40.9,2813920.0,000001.XSHE,68800,68800,平安银行
2008-01-21,38.05,37.8,0.0,000001.XSHE,0,0,平安银行
2008-02-18,36.49,36.49,2590790.0,000001.XSHE,71000,0,平安银行
2008-02-19,36.49,37.28,2646880.0,000001.XSHE,71000,71000,平安银行
2008-02-20,36.49,34.79,0.0,000001.XSHE,0,0,平安银行
2008-03-20,29.0,29.0,2465000.0,000001.XSHE,85000,0,平安银行
2008-03-21,29.0,28.33,2408050.0,000001.XSHE,85000,85000,平安银行
2008-03-24,29.0,26.51,2253350.0,000001.XSHE,85000,85000,平安银行
2008-03-25,29.0,27.49,2336650.0,000001.XSHE,85000,85000,平安银行
2008-03-26,29.0,27.9,2371500.0,000001.XSHE,85000,85000,平安银行
2008-03-27,29.0,27.51,2338350.0,000001.XSHE,85000,85000,平安银行
2008-03-28,29.0,29.04,2468400.0,000001.XSHE,85000,85000,平安银行
2008-03-31,29.0,28.2,2397000.0,000001.XSHE,85000,85000,平安银行
2008-04-01,29.0,27.91,2372350.0,000001.XSHE,85000,85000,平安银行
2008-04-02,29.0,28.9,2456500.0,000001.XSHE,85000,85000,平安银行
2008-04-03,29.0,29.26,2487100.0,000001.XSHE,85000,85000,平安银行
2008-04-07,29.0,30.0,2550000.0,000001.XSHE,85000,85000,平安银行
2008-04-08,29.0,29.67,2521950.0,000001.XSHE,85000,85000,平安银行
2008-04-09,29.0,27.73,2357050.0,000001.XSHE,85000,85000,平安银行
2008-04-10,29.0,28.05,2384250.0,000001.XSHE,85000,85000,平安银行
2008-04-11,29.0,28.5,2422500.0,000001.XSHE,85000,85000,平安银行
2008-04-14,29.0,25.65,2180250.0,000001.XSHE,85000,85000,平安银行
2008-04-15,29.0,25.6,0.0,000001.XSHE,0,0,平安银行
2008-04-24,0.0,27.49,0.0,000001.XSHE,0,0,平安银行
2008-06-26,21.6,21.6,2170800.0,000001.XSHE,100500,0,平安银行
2008-06-27,21.6,19.44,1953720.0,000001.XSHE,100500,100500,平安银行
2008-06-30,21.6,19.33,1942665.0,000001.XSHE,100500,100500,平安银行
2008-07-01,21.6,18.75,1884375.0,000001.XSHE,100500,100500,平安银行
2008-07-02,21.6,18.7,1879350.0,000001.XSHE,100500,100500,平安银行
2008-07-03,21.6,18.96,1905480.0,000001.XSHE,100500,100500,平安银行
2008-07-04,21.6,19.03,1912515.0,000001.XSHE,100500,100500,平安银行
2008-07-07,21.6,20.36,2046180.0,000001.XSHE,100500,100500,平安银行
2008-07-08,21.6,20.18,2028090.0,000001.XSHE,100500,100500,平安银行
2008-07-09,21.6,21.29,2139645.0,000001.XSHE,100500,100500,平安银行
2008-07-10,21.6,21.25,2135625.0,000001.XSHE,100500,100500,平安银行
2008-07-11,21.6,20.9,2100450.0,000001.XSHE,100500,100500,平安银行
2008-07-14,21.6,21.15,2125575.0,000001.XSHE,100500,100500,平安银行
2008-07-15,21.6,19.85,1994925.0,000001.XSHE,100500,100500,平安银行
2008-07-16,21.6,18.8,1889400.0,000001.XSHE,100500,100500,平安银行
2008-07-17,21.6,18.65,1874325.0,000001.XSHE,100500,100500,平安银行
2008-07-18,21.6,19.39,1948695.0,000001.XSHE,100500,100500,平安银行
2008-07-21,21.6,19.89,1998945.0,000001.XSHE,100500,100500,平安银行
2008-07-22,21.6,19.94,2003970.0,000001.XSHE,100500,100500,平安银行
2008-07-23,21.6,19.75,1984875.0,000001.XSHE,100500,100500,平安银行
2008-07-24,21.6,20.8,2090400.0,000001.XSHE,100500,100500,平安银行
2008-07-25,21.6,21.08,2118540.0,000001.XSHE,100500,100500,平安银行
2008-07-28,21.6,21.8,2190900.0,000001.XSHE,100500,100500,平安银行
2008-07-29,21.6,21.25,2135625.0,000001.XSHE,100500,100500,平安银行
2008-07-30,21.6,21.53,2163765.0,000001.XSHE,100500,100500,平安银行
2008-07-31,21.6,20.8,2090400.0,000001.XSHE,100500,100500,平安银行
2008-08-01,21.6,21.88,2198940.0,000001.XSHE,100500,100500,平安银行
2008-08-04,21.6,21.45,2155725.0,000001.XSHE,100500,100500,平安银行
2008-08-05,21.6,21.0,2110500.0,000001.XSHE,100500,100500,平安银行
2008-08-06,21.6,20.85,2095425.0,000001.XSHE,100500,100500,平安银行
2008-08-07,21.6,20.95,2105475.0,000001.XSHE,100500,100500,平安银行
2008-08-08,21.6,20.0,2010000.0,000001.XSHE,100500,100500,平安银行
2008-08-11,21.6,19.3,0.0,000001.XSHE,0,0,平安银行
2008-08-21,20.21,20.21,1934097.0,000001.XSHE,95700,0,平安银行
2008-08-22,20.21,19.9,1904430.0,000001.XSHE,95700,95700,平安银行
2008-08-25,20.21,20.14,1927398.0,000001.XSHE,95700,95700,平安银行
2008-08-26,20.21,20.01,1914957.0,000001.XSHE,95700,95700,平安银行
2008-08-27,20.21,19.96,1910172.0,000001.XSHE,95700,95700,平安银行
2008-08-28,20.21,20.07,1920699.0,000001.XSHE,95700,95700,平安银行
2008-08-29,20.21,20.2,1933140.0,000001.XSHE,95700,95700,平安银行
2008-09-01,20.21,18.96,1814472.0,000001.XSHE,95700,95700,平安银行
2008-09-02,20.21,18.71,0.0,000001.XSHE,0,0,平安银行
2008-09-26,14.99,14.99,1786808.0,000001.XSHE,119200,0,平安银行
2008-10-06,14.99,13.9,0.0,000001.XSHE,0,0,平安银行
2008-10-17,12.9,12.9,1652490.0,000001.XSHE,128100,0,平安银行
2008-10-20,12.9,13.58,1739598.0,000001.XSHE,128100,128100,平安银行
2008-10-21,12.9,13.28,1701168.0,000001.XSHE,128100,128100,平安银行
2008-10-22,12.9,13.15,1684515.0,000001.XSHE,128100,128100,平安银行
2008-10-23,12.9,12.54,1606374.0,000001.XSHE,128100,128100,平安银行
2008-10-24,12.9,12.03,1541043.0,000001.XSHE,128100,128100,平安银行
2008-10-27,12.9,10.83,1387323.0,000001.XSHE,128100,128100,平安银行
2008-10-28,12.9,11.49,1471869.0,000001.XSHE,128100,128100,平安银行
2008-10-29,12.9,11.02,1411662.0,000001.XSHE,128100,128100,平安银行
2008-10-30,12.9,11.31,1448811.0,000001.XSHE,128100,128100,平安银行
2008-10-31,12.9,8.37,1072197.0,000001.XSHE,128100,128100,平安银行
2008-11-03,12.9,8.4,1076040.0,000001.XSHE,128100,128100,平安银行
2008-11-04,12.886,8.35,1072975.0,000001.XSHE,128500,128100,平安银行
2008-11-05,12.886,8.85,1137225.0,000001.XSHE,128500,128500,平安银行
2008-11-06,12.886,8.43,1083255.0,000001.XSHE,128500,128500,平安银行
2008-11-07,12.886,8.79,1129515.0,000001.XSHE,128500,128500,平安银行
2008-11-10,12.886,9.65,1240025.0,000001.XSHE,128500,128500,平安银行
2008-11-11,12.886,9.52,1223320.0,000001.XSHE,128500,128500,平安银行
2008-11-12,12.886,9.78,1256730.0,000001.XSHE,128500,128500,平安银行
2008-11-13,12.886,10.28,1320980.0,000001.XSHE,128500,128500,平安银行
2008-11-14,12.886,10.62,1364670.0,000001.XSHE,128500,128500,平安银行
2008-11-17,12.886,11.01,1414785.0,000001.XSHE,128500,128500,平安银行
2008-11-18,12.886,10.1,1297850.0,000001.XSHE,128500,128500,平安银行
2008-11-19,12.886,10.96,1408360.0,000001.XSHE,128500,128500,平安银行
2008-11-20,12.886,10.52,1351820.0,000001.XSHE,128500,128500,平安银行
2008-11-21,12.886,10.23,1314555.0,000001.XSHE,128500,128500,平安银行
2008-11-24,12.886,9.78,1256730.0,000001.XSHE,128500,128500,平安银行
2008-11-25,12.886,9.66,1241310.0,000001.XSHE,128500,128500,平安银行
2008-11-26,12.886,9.5,1220750.0,000001.XSHE,128500,128500,平安银行
2008-11-27,12.886,9.46,1215610.0,000001.XSHE,128500,128500,平安银行
2008-11-28,12.886,8.99,0.0,000001.XSHE,0,0,平安银行
2008-12-04,10.0,10.0,1153000.0,000001.XSHE,115300,0,平安银行
2008-12-05,10.0,10.31,1188743.0,000001.XSHE,115300,115300,平安银行
2008-12-08,10.0,10.85,1251005.0,000001.XSHE,115300,115300,平安银行
2008-12-09,10.0,10.42,1201426.0,000001.XSHE,115300,115300,平安银行
2008-12-10,10.0,11.24,1295972.0,000001.XSHE,115300,115300,平安银行
2008-12-11,10.0,10.82,1247546.0,000001.XSHE,115300,115300,平安银行
2008-12-12,10.0,10.23,1179519.0,000001.XSHE,115300,115300,平安银行
2008-12-15,10.0,10.22,1178366.0,000001.XSHE,115300,115300,平安银行
2008-12-16,10.0,10.15,1170295.0,000001.XSHE,115300,115300,平安银行
2008-12-17,10.0,10.02,1155306.0,000001.XSHE,115300,115300,平安银行
2008-12-18,10.0,10.6,1222180.0,000001.XSHE,115300,115300,平安银行
2008-12-19,10.0,10.53,1214109.0,000001.XSHE,115300,115300,平安银行
2008-12-22,10.0,10.3,1187590.0,000001.XSHE,115300,115300,平安银行
2008-12-23,10.0,10.18,0.0,000001.XSHE,0,0,平安银行
2009-01-14,10.2,10.2,1169940.0,000001.XSHE,114700,0,平安银行
2009-01-15,10.2,10.3,1181410.0,000001.XSHE,114700,114700,平安银行
2009-01-16,10.2,10.62,1218114.0,000001.XSHE,114700,114700,平安银行
2009-01-19,10.2,11.11,1274317.0,000001.XSHE,114700,114700,平安银行
2009-01-20,10.2,11.36,1302992.0,000001.XSHE,114700,114700,平安银行
2009-01-21,10.2,11.79,1352313.0,000001.XSHE,114700,114700,平安银行
2009-01-22,10.2,11.79,1352313.0,000001.XSHE,114700,114700,平安银行
2009-01-23,10.2,11.64,1335108.0,000001.XSHE,114700,114700,平安银行
2009-02-02,10.2,11.66,1337402.0,000001.XSHE,114700,114700,平安银行
2009-02-03,10.2,11.95,1370665.0,000001.XSHE,114700,114700,平安银行
2009-02-04,10.2,13.04,1495688.0,000001.XSHE,114700,114700,平安银行
2009-02-05,10.2,12.8,1468160.0,000001.XSHE,114700,114700,平安银行
2009-02-06,10.2,13.19,1512893.0,000001.XSHE,114700,114700,平安银行
2009-02-09,10.2,13.75,1577125.0,000001.XSHE,114700,114700,平安银行
2009-02-10,10.2,13.66,1566802.0,000001.XSHE,114700,114700,平安银行
2009-02-11,10.2,13.8,1582860.0,000001.XSHE,114700,114700,平安银行
2009-02-12,10.2,13.28,1523216.0,000001.XSHE,114700,114700,平安银行
2009-02-13,10.2,13.61,1561067.0,000001.XSHE,114700,114700,平安银行
2009-02-16,10.2,14.35,1645945.0,000001.XSHE,114700,114700,平安银行
2009-02-17,10.2,14.36,1647092.0,000001.XSHE,114700,114700,平安银行
2009-02-18,10.2,14.0,1605800.0,000001.XSHE,114700,114700,平安银行
2009-02-19,10.2,13.45,1542715.0,000001.XSHE,114700,114700,平安银行
2009-02-20,10.2,13.63,0.0,000001.XSHE,0,0,平安银行
2009-02-23,0.0,14.99,0.0,000001.XSHE,0,0,平安银行
2009-03-18,15.71,15.71,1560003.0,000001.XSHE,99300,0,平安银行
2009-03-19,15.71,15.79,1567947.0,000001.XSHE,99300,99300,平安银行
2009-03-20,15.71,15.33,0.0,000001.XSHE,0,0,平安银行
2009-03-26,16.52,16.52,1518188.0,000001.XSHE,91900,0,平安银行
2009-03-27,16.52,16.37,1504403.0,000001.XSHE,91900,91900,平安银行
2009-03-30,16.52,16.04,0.0,000001.XSHE,0,0,平安银行
2009-05-04,16.76,16.76,1469852.0,000001.XSHE,87700,0,平安银行
2009-05-05,16.76,16.78,1471606.0,000001.XSHE,87700,87700,平安银行
2009-05-06,16.76,17.25,1512825.0,000001.XSHE,87700,87700,平安银行
2009-05-07,16.76,17.95,1574215.0,000001.XSHE,87700,87700,平安银行
2009-05-08,16.76,18.18,1594386.0,000001.XSHE,87700,87700,平安银行
2009-05-11,16.76,17.65,1547905.0,000001.XSHE,87700,87700,平安银行
2009-05-12,16.76,17.9,1569830.0,000001.XSHE,87700,87700,平安银行
2009-05-13,16.76,17.84,1564568.0,000001.XSHE,87700,87700,平安银行
2009-05-14,16.76,17.42,1527734.0,000001.XSHE,87700,87700,平安银行
2009-05-15,16.76,17.5,1534750.0,000001.XSHE,87700,87700,平安银行
2009-05-18,16.76,17.5,1534750.0,000001.XSHE,87700,87700,平安银行
2009-05-19,16.76,17.89,1568953.0,000001.XSHE,87700,87700,平安银行
2009-05-20,16.76,17.6,1543520.0,000001.XSHE,87700,87700,平安银行
2009-05-21,16.76,16.95,0.0,000001.XSHE,0,0,平安银行
2009-06-02,18.48,18.48,1482096.0,000001.XSHE,80200,0,平安银行
2009-06-03,18.48,19.96,1600792.0,000001.XSHE,80200,80200,平安银行
2009-06-04,18.48,20.38,1634476.0,000001.XSHE,80200,80200,平安银行
2009-06-05,18.48,20.0,1604000.0,000001.XSHE,80200,80200,平安银行
2009-06-08,18.48,20.0,1604000.0,000001.XSHE,80200,80200,平安银行
2009-06-09,18.48,20.0,1604000.0,000001.XSHE,80200,80200,平安银行
2009-06-10,18.48,20.0,1604000.0,000001.XSHE,80200,80200,平安银行
2009-06-11,18.48,20.0,1604000.0,000001.XSHE,80200,80200,平安银行
2009-06-12,18.48,20.0,1604000.0,000001.XSHE,80200,80200,平安银行
2009-06-15,18.48,22.0,1764400.0,000001.XSHE,80200,80200,平安银行
2009-06-16,18.48,22.59,1811718.0,000001.XSHE,80200,80200,平安银行
2009-06-17,18.48,22.2,1780440.0,000001.XSHE,80200,80200,平安银行
2009-06-18,18.48,21.92,1757984.0,000001.XSHE,80200,80200,平安银行
2009-06-19,18.48,22.07,1770014.0,000001.XSHE,80200,80200,平安银行
2009-06-22,18.48,22.09,1771618.0,000001.XSHE,80200,80200,平安银行
2009-06-23,18.48,22.1,1772420.0,000001.XSHE,80200,80200,平安银行
2009-06-24,18.48,21.42,1717884.0,000001.XSHE,80200,80200,平安银行
2009-06-25,18.48,21.38,1714676.0,000001.XSHE,80200,80200,平安银行
2009-06-26,18.48,21.6,0.0,000001.XSHE,0,0,平安银行
2009-07-01,23.25,23.25,1727475.0,000001.XSHE,74300,0,平安银行
2009-07-02,23.25,23.29,1730447.0,000001.XSHE,74300,74300,平安银行
2009-07-03,23.25,23.6,1753480.0,000001.XSHE,74300,74300,平安银行
2009-07-06,23.25,23.88,1774284.0,000001.XSHE,74300,74300,平安银行
2009-07-07,23.25,22.79,1693297.0,000001.XSHE,74300,74300,平安银行
2009-07-08,23.25,22.58,0.0,000001.XSHE,0,0,平安银行
2009-07-30,0.0,26.18,0.0,000001.XSHE,0,0,平安银行
2009-09-07,20.81,20.81,1675205.0,000001.XSHE,80500,0,平安银行
2009-09-08,20.81,20.96,1687280.0,000001.XSHE,80500,80500,平安银行
2009-09-09,20.81,20.96,1687280.0,000001.XSHE,80500,80500,平安银行
2009-09-10,20.81,20.7,1666350.0,000001.XSHE,80500,80500,平安银行
2009-09-11,20.81,21.8,1754900.0,000001.XSHE,80500,80500,平安银行
2009-09-14,20.81,21.98,1769390.0,000001.XSHE,80500,80500,平安银行
2009-09-15,20.81,21.89,1762145.0,000001.XSHE,80500,80500,平安银行
2009-09-16,20.81,21.28,1713040.0,000001.XSHE,80500,80500,平安银行
2009-09-17,20.81,21.49,1729945.0,000001.XSHE,80500,80500,平安银行
2009-09-18,20.81,20.5,1650250.0,000001.XSHE,80500,80500,平安银行
2009-09-21,20.81,20.43,1644615.0,000001.XSHE,80500,80500,平安银行
2009-09-22,20.81,19.72,0.0,000001.XSHE,0,0,平安银行
2009-10-09,21.05,21.05,1582960.0,000001.XSHE,75200,0,平安银行
2009-10-12,21.05,20.99,1578448.0,000001.XSHE,75200,75200,平安银行
2009-10-13,21.05,21.12,1588224.0,000001.XSHE,75200,75200,平安银行
2009-10-14,21.05,21.23,1596496.0,000001.XSHE,75200,75200,平安银行
2009-10-15,21.05,21.42,1610784.0,000001.XSHE,75200,75200,平安银行
2009-10-16,21.05,21.31,1602512.0,000001.XSHE,75200,75200,平安银行
2009-10-19,21.05,22.05,1658160.0,000001.XSHE,75200,75200,平安银行
2009-10-20,21.05,22.39,1683728.0,000001.XSHE,75200,75200,平安银行
2009-10-21,21.05,22.62,1701024.0,000001.XSHE,75200,75200,平安银行
2009-10-22,21.05,22.23,1671696.0,000001.XSHE,75200,75200,平安银行
2009-10-23,21.05,22.81,1715312.0,000001.XSHE,75200,75200,平安银行
2009-10-26,21.05,22.81,1715312.0,000001.XSHE,75200,75200,平安银行
2009-10-27,21.05,22.0,1654400.0,000001.XSHE,75200,75200,平安银行
2009-10-28,21.05,21.88,1645376.0,000001.XSHE,75200,75200,平安银行
2009-10-29,21.05,22.21,1670192.0,000001.XSHE,75200,75200,平安银行
2009-10-30,21.05,22.48,1690496.0,000001.XSHE,75200,75200,平安银行
2009-11-02,21.05,24.73,1859696.0,000001.XSHE,75200,75200,平安银行
2009-11-03,21.05,24.94,1875488.0,000001.XSHE,75200,75200,平安银行
2009-11-04,21.05,25.4,1910080.0,000001.XSHE,75200,75200,平安银行
2009-11-05,21.05,25.05,1883760.0,000001.XSHE,75200,75200,平安银行
2009-11-06,21.05,25.1,1887520.0,000001.XSHE,75200,75200,平安银行
2009-11-09,21.05,24.86,1869472.0,000001.XSHE,75200,75200,平安银行
2009-11-10,21.05,25.8,1940160.0,000001.XSHE,75200,75200,平安银行
2009-11-11,21.05,25.59,1924368.0,000001.XSHE,75200,75200,平安银行
2009-11-12,21.05,25.16,1892032.0,000001.XSHE,75200,75200,平安银行
2009-11-13,21.05,25.4,1910080.0,000001.XSHE,75200,75200,平安银行
2009-11-16,21.05,26.22,1971744.0,000001.XSHE,75200,75200,平安银行
2009-11-17,21.05,26.03,1957456.0,000001.XSHE,75200,75200,平安银行
2009-11-18,21.05,25.81,1940912.0,000001.XSHE,75200,75200,平安银行
2009-11-19,21.05,25.95,1951440.0,000001.XSHE,75200,75200,平安银行
2009-11-20,21.05,25.61,0.0,000001.XSHE,0,0,平安银行
2010-01-22,23.08,23.08,1920256.0,000001.XSHE,83200,0,平安银行
2010-01-25,23.08,22.19,1846208.0,000001.XSHE,83200,83200,平安银行
2010-01-26,23.08,22.05,1834560.0,000001.XSHE,83200,83200,平安银行
2010-01-27,23.08,21.91,1822912.0,000001.XSHE,83200,83200,平安银行
2010-01-28,23.08,21.75,1809600.0,000001.XSHE,83200,83200,平安银行
2010-01-29,23.08,21.7,1805440.0,000001.XSHE,83200,83200,平安银行
2010-02-01,23.08,21.24,1767168.0,000001.XSHE,83200,83200,平安银行
2010-02-02,23.08,21.37,1777984.0,000001.XSHE,83200,83200,平安银行
2010-02-03,23.08,22.58,1878656.0,000001.XSHE,83200,83200,平安银行
2010-02-04,23.08,22.2,1847040.0,000001.XSHE,83200,83200,平安银行
2010-02-05,23.08,22.0,1830400.0,000001.XSHE,83200,83200,平安银行
2010-02-08,23.08,21.56,1793792.0,000001.XSHE,83200,83200,平安银行
2010-02-09,23.08,22.0,1830400.0,000001.XSHE,83200,83200,平安银行
2010-02-10,23.08,22.28,1853696.0,000001.XSHE,83200,83200,平安银行
2010-02-11,23.08,22.11,1839552.0,000001.XSHE,83200,83200,平安银行
2010-02-12,23.08,22.45,1867840.0,000001.XSHE,83200,83200,平安银行
2010-02-22,23.08,22.1,1838720.0,000001.XSHE,83200,83200,平安银行
2010-02-23,23.08,21.55,1792960.0,000001.XSHE,83200,83200,平安银行
2010-02-24,23.08,21.71,1806272.0,000001.XSHE,83200,83200,平安银行
2010-02-25,23.08,22.15,1842880.0,000001.XSHE,83200,83200,平安银行
2010-02-26,23.08,22.45,1867840.0,000001.XSHE,83200,83200,平安银行
2010-03-01,23.08,22.45,1867840.0,000001.XSHE,83200,83200,平安银行
2010-03-02,23.08,23.11,1922752.0,000001.XSHE,83200,83200,平安银行
2010-03-03,23.08,23.3,1938560.0,000001.XSHE,83200,83200,平安银行
2010-03-04,23.08,23.1,1921920.0,000001.XSHE,83200,83200,平安银行
2010-03-05,23.08,23.27,1936064.0,000001.XSHE,83200,83200,平安银行
2010-03-08,23.08,23.85,1984320.0,000001.XSHE,83200,83200,平安银行
2010-03-09,23.08,23.82,1981824.0,000001.XSHE,83200,83200,平安银行
2010-03-10,23.08,23.4,1946880.0,000001.XSHE,83200,83200,平安银行
2010-03-11,23.08,23.66,1968512.0,000001.XSHE,83200,83200,平安银行
2010-03-12,23.08,22.92,1906944.0,000001.XSHE,83200,83200,平安银行
2010-03-15,23.08,22.39,1862848.0,000001.XSHE,83200,83200,平安银行
2010-03-16,23.08,22.55,0.0,000001.XSHE,0,0,平安银行
2010-03-30,23.65,23.65,1870715.0,000001.XSHE,79100,0,平安银行
2010-03-31,23.65,23.2,1835120.0,000001.XSHE,79100,79100,平安银行
2010-04-01,23.65,23.4,1850940.0,000001.XSHE,79100,79100,平安银行
2010-04-02,23.65,23.43,1853313.0,000001.XSHE,79100,79100,平安银行
2010-04-06,23.65,23.37,1848567.0,000001.XSHE,79100,79100,平安银行
2010-04-07,23.65,22.85,0.0,000001.XSHE,0,0,平安银行
2010-05-21,17.82,17.82,1803384.0,000001.XSHE,101200,0,平安银行
2010-05-24,17.82,18.39,1861068.0,000001.XSHE,101200,101200,平安银行
2010-05-25,17.82,17.79,1800348.0,000001.XSHE,101200,101200,平安银行
2010-05-26,17.82,17.9,1811480.0,000001.XSHE,101200,101200,平安银行
2010-05-27,17.82,18.07,1828684.0,000001.XSHE,101200,101200,平安银行
2010-05-28,17.82,18.08,1829696.0,000001.XSHE,101200,101200,平安银行
2010-05-31,17.82,17.51,1772012.0,000001.XSHE,101200,101200,平安银行
2010-06-01,17.82,17.3,1750760.0,000001.XSHE,101200,101200,平安银行
2010-06-02,17.82,17.23,1743676.0,000001.XSHE,101200,101200,平安银行
2010-06-03,17.82,17.22,1742664.0,000001.XSHE,101200,101200,平安银行
2010-06-04,17.82,17.3,1750760.0,000001.XSHE,101200,101200,平安银行
2010-06-07,17.82,16.91,1711292.0,000001.XSHE,101200,101200,平安银行
2010-06-08,17.82,16.7,1690040.0,000001.XSHE,101200,101200,平安银行
2010-06-09,17.82,17.67,1788204.0,000001.XSHE,101200,101200,平安银行
2010-06-10,17.82,17.11,1731532.0,000001.XSHE,101200,101200,平安银行
2010-06-11,17.82,17.15,1735580.0,000001.XSHE,101200,101200,平安银行
2010-06-17,17.82,17.15,1735580.0,000001.XSHE,101200,101200,平安银行
2010-06-18,17.82,17.32,1752784.0,000001.XSHE,101200,101200,平安银行
2010-06-21,17.82,18.3,1851960.0,000001.XSHE,101200,101200,平安银行
2010-06-22,17.82,18.53,1875236.0,000001.XSHE,101200,101200,平安银行
2010-06-23,17.82,18.35,1857020.0,000001.XSHE,101200,101200,平安银行
2010-06-24,17.82,18.53,1875236.0,000001.XSHE,101200,101200,平安银行
2010-06-25,17.82,18.11,1832732.0,000001.XSHE,101200,101200,平安银行
2010-06-28,17.82,18.49,1871188.0,000001.XSHE,101200,101200,平安银行
2010-06-29,17.82,17.51,1772012.0,000001.XSHE,101200,101200,平安银行
2010-06-30,17.82,17.51,1772012.0,000001.XSHE,101200,101200,平安银行
2010-07-01,17.82,17.51,1772012.0,000001.XSHE,101200,101200,平安银行
2010-07-02,17.82,17.51,1772012.0,000001.XSHE,101200,101200,平安银行
2010-07-05,17.82,17.51,1772012.0,000001.XSHE,101200,101200,平安银行
2010-07-06,17.82,17.51,1772012.0,000001.XSHE,101200,101200,平安银行
2010-07-07,17.82,17.51,1772012.0,000001.XSHE,101200,101200,平安银行
2010-07-08,17.82,17.51,1772012.0,000001.XSHE,101200,101200,平安银行
2010-07-09,17.82,17.51,1772012.0,000001.XSHE,101200,101200,平安银行
2010-07-12,17.82,17.51,1772012.0,000001.XSHE,101200,101200,平安银行
2010-07-13,17.82,17.51,1772012.0,000001.XSHE,101200,101200,平安银行
2010-07-14,17.82,17.51,1772012.0,000001.XSHE,101200,101200,平安银行
2010-07-15,17.82,17.51,1772012.0,000001.XSHE,101200,101200,平安银行
2010-07-16,17.82,17.51,1772012.0,000001.XSHE,101200,101200,平安银行
2010-07-19,17.82,17.51,1772012.0,000001.XSHE,101200,101200,平安银行
2010-07-20,17.82,17.51,1772012.0,000001.XSHE,101200,101200,平安银行
2010-07-21,17.82,17.51,1772012.0,000001.XSHE,101200,101200,平安银行
2010-07-22,17.82,17.51,1772012.0,000001.XSHE,101200,101200,平安银行
2010-07-23,17.82,17.51,1772012.0,000001.XSHE,101200,101200,平安银行
2010-07-26,17.82,17.51,1772012.0,000001.XSHE,101200,101200,平安银行
2010-07-27,17.82,17.51,1772012.0,000001.XSHE,101200,101200,平安银行
2010-07-28,17.82,17.51,1772012.0,000001.XSHE,101200,101200,平安银行
2010-07-29,17.82,17.51,1772012.0,000001.XSHE,101200,101200,平安银行
2010-07-30,17.82,17.51,1772012.0,000001.XSHE,101200,101200,平安银行
2010-08-02,17.82,17.51,1772012.0,000001.XSHE,101200,101200,平安银行
2010-08-03,17.82,17.51,1772012.0,000001.XSHE,101200,101200,平安银行
2010-08-04,17.82,17.51,1772012.0,000001.XSHE,101200,101200,平安银行
2010-08-05,17.82,17.51,1772012.0,000001.XSHE,101200,101200,平安银行
2010-08-06,17.82,17.51,1772012.0,000001.XSHE,101200,101200,平安银行
2010-08-09,17.82,17.51,1772012.0,000001.XSHE,101200,101200,平安银行
2010-08-10,17.82,17.51,1772012.0,000001.XSHE,101200,101200,平安银行
2010-08-11,17.82,17.51,1772012.0,000001.XSHE,101200,101200,平安银行
2010-08-12,17.82,17.51,1772012.0,000001.XSHE,101200,101200,平安银行
2010-08-13,17.82,17.51,1772012.0,000001.XSHE,101200,101200,平安银行
2010-08-16,17.82,17.51,1772012.0,000001.XSHE,101200,101200,平安银行
2010-08-17,17.82,17.51,1772012.0,000001.XSHE,101200,101200,平安银行
2010-08-18,17.82,17.51,1772012.0,000001.XSHE,101200,101200,平安银行
2010-08-19,17.82,17.51,1772012.0,000001.XSHE,101200,101200,平安银行
2010-08-20,17.82,17.51,1772012.0,000001.XSHE,101200,101200,平安银行
2010-08-23,17.82,17.51,1772012.0,000001.XSHE,101200,101200,平安银行
2010-08-24,17.82,17.51,1772012.0,000001.XSHE,101200,101200,平安银行
2010-08-25,17.82,17.51,1772012.0,000001.XSHE,101200,101200,平安银行
2010-08-26,17.82,17.51,1772012.0,000001.XSHE,101200,101200,平安银行
2010-08-27,17.82,17.51,1772012.0,000001.XSHE,101200,101200,平安银行
2010-08-30,17.82,17.51,1772012.0,000001.XSHE,101200,101200,平安银行
2010-08-31,17.82,17.51,1772012.0,000001.XSHE,101200,101200,平安银行
2010-09-01,17.82,17.51,1772012.0,000001.XSHE,101200,101200,平安银行
2010-09-02,17.82,18.19,1840828.0,000001.XSHE,101200,101200,平安银行
2010-09-03,17.82,17.76,1797312.0,000001.XSHE,101200,101200,平安银行
2010-09-06,17.82,18.2,1841840.0,000001.XSHE,101200,101200,平安银行
2010-09-07,17.82,18.04,1825648.0,000001.XSHE,101200,101200,平安银行
2010-09-08,17.82,17.65,1786180.0,000001.XSHE,101200,101200,平安银行
2010-09-09,17.82,17.22,1742664.0,000001.XSHE,101200,101200,平安银行
2010-09-10,17.82,17.2,0.0,000001.XSHE,0,0,平安银行
2010-10-11,18.04,18.04,1737252.0,000001.XSHE,96300,0,平安银行
2010-10-12,18.04,17.97,1730511.0,000001.XSHE,96300,96300,平安银行
2010-10-13,18.04,18.54,1785402.0,000001.XSHE,96300,96300,平安银行
2010-10-14,18.04,18.34,1766142.0,000001.XSHE,96300,96300,平安银行
2010-10-15,18.04,19.15,1844145.0,000001.XSHE,96300,96300,平安银行
2010-10-18,18.04,19.17,1846071.0,000001.XSHE,96300,96300,平安银行
2010-10-19,18.04,19.55,1882665.0,000001.XSHE,96300,96300,平安银行
2010-10-20,18.04,19.47,1874961.0,000001.XSHE,96300,96300,平安银行
2010-10-21,18.04,18.85,1815255.0,000001.XSHE,96300,96300,平安银行
2010-10-22,18.04,18.52,1783476.0,000001.XSHE,96300,96300,平安银行
2010-10-25,18.04,18.91,1821033.0,000001.XSHE,96300,96300,平安银行
2010-10-26,18.04,18.66,1796958.0,000001.XSHE,96300,96300,平安银行
2010-10-27,18.04,18.56,1787328.0,000001.XSHE,96300,96300,平安银行
2010-10-28,18.04,18.77,1807551.0,000001.XSHE,96300,96300,平安银行
2010-10-29,18.04,18.41,0.0,000001.XSHE,0,0,平安银行
2010-11-08,19.14,19.14,1766622.0,000001.XSHE,92300,0,平安银行
2010-11-09,19.14,18.65,0.0,000001.XSHE,0,0,平安银行
2010-12-07,16.73,16.73,1718171.0,000001.XSHE,102700,0,平安银行
2010-12-08,16.73,16.49,1693523.0,000001.XSHE,102700,102700,平安银行
2010-12-09,16.73,16.21,1664767.0,000001.XSHE,102700,102700,平安银行
2010-12-10,16.73,16.34,1678118.0,000001.XSHE,102700,102700,平安银行
2010-12-13,16.73,16.62,1706874.0,000001.XSHE,102700,102700,平安银行
2010-12-14,16.73,16.54,1698658.0,000001.XSHE,102700,102700,平安银行
2010-12-15,16.73,16.59,1703793.0,000001.XSHE,102700,102700,平安银行
2010-12-16,16.73,16.45,1689415.0,000001.XSHE,102700,102700,平安银行
2010-12-17,16.73,16.35,1679145.0,000001.XSHE,102700,102700,平安银行
2010-12-20,16.73,16.13,1656551.0,000001.XSHE,102700,102700,平安银行
2010-12-21,16.73,16.57,1701739.0,000001.XSHE,102700,102700,平安银行
2010-12-22,16.73,16.23,1666821.0,000001.XSHE,102700,102700,平安银行
2010-12-23,16.73,16.23,1666821.0,000001.XSHE,102700,102700,平安银行
2010-12-24,16.73,16.44,1688388.0,000001.XSHE,102700,102700,平安银行
2010-12-27,16.73,16.07,1650389.0,000001.XSHE,102700,102700,平安银行
2010-12-28,16.73,15.95,1638065.0,000001.XSHE,102700,102700,平安银行
2010-12-29,16.73,15.77,0.0,000001.XSHE,0,0,平安银行
2011-01-05,15.93,15.93,1615302.0,000001.XSHE,101400,0,平安银行
2011-01-06,15.93,15.81,1603134.0,000001.XSHE,101400,101400,平安银行
2011-01-07,15.93,16.41,1663974.0,000001.XSHE,101400,101400,平安银行
2011-01-10,15.93,15.98,1620372.0,000001.XSHE,101400,101400,平安银行
2011-01-11,15.93,16.19,1641666.0,000001.XSHE,101400,101400,平安银行
2011-01-12,15.93,16.4,1662960.0,000001.XSHE,101400,101400,平安银行
2011-01-13,15.93,16.34,1656876.0,000001.XSHE,101400,101400,平安银行
2011-01-14,15.93,15.99,1621386.0,000001.XSHE,101400,101400,平安银行
2011-01-17,15.93,15.38,1559532.0,000001.XSHE,101400,101400,平安银行
2011-01-18,15.93,15.34,0.0,000001.XSHE,0,0,平安银行
2011-01-31,15.31,15.31,1550903.0,000001.XSHE,101300,0,平安银行
2011-02-01,15.31,15.44,1564072.0,000001.XSHE,101300,101300,平安银行
2011-02-09,15.31,15.25,1544825.0,000001.XSHE,101300,101300,平安银行
2011-02-10,15.31,15.45,1565085.0,000001.XSHE,101300,101300,平安银行
2011-02-11,15.31,15.5,1570150.0,000001.XSHE,101300,101300,平安银行
2011-02-14,15.31,16.0,1620800.0,000001.XSHE,101300,101300,平安银行
2011-02-15,15.31,15.82,1602566.0,000001.XSHE,101300,101300,平安银行
2011-02-16,15.31,15.88,1608644.0,000001.XSHE,101300,101300,平安银行
2011-02-17,15.31,15.98,1618774.0,000001.XSHE,101300,101300,平安银行
2011-02-18,15.31,15.98,1618774.0,000001.XSHE,101300,101300,平安银行
2011-02-21,15.31,15.97,1617761.0,000001.XSHE,101300,101300,平安银行
2011-02-22,15.31,15.47,1567111.0,000001.XSHE,101300,101300,平安银行
2011-02-23,15.31,15.58,1578254.0,000001.XSHE,101300,101300,平安银行
2011-02-24,15.31,15.56,1576228.0,000001.XSHE,101300,101300,平安银行
2011-02-25,15.31,15.89,1609657.0,000001.XSHE,101300,101300,平安银行
2011-02-28,15.31,15.93,1613709.0,000001.XSHE,101300,101300,平安银行
2011-03-01,15.31,16.04,1624852.0,000001.XSHE,101300,101300,平安银行
2011-03-02,15.31,16.18,1639034.0,000001.XSHE,101300,101300,平安银行
2011-03-03,15.31,16.4,1661320.0,000001.XSHE,101300,101300,平安银行
2011-03-04,15.31,16.68,1689684.0,000001.XSHE,101300,101300,平安银行
2011-03-07,15.31,16.74,1695762.0,000001.XSHE,101300,101300,平安银行
2011-03-08,15.31,16.65,1686645.0,000001.XSHE,101300,101300,平安银行
2011-03-09,15.31,16.69,1690697.0,000001.XSHE,101300,101300,平安银行
2011-03-10,15.31,16.25,1646125.0,000001.XSHE,101300,101300,平安银行
2011-03-11,15.31,16.05,1625865.0,000001.XSHE,101300,101300,平安银行
2011-03-14,15.31,16.17,1638021.0,000001.XSHE,101300,101300,平安银行
2011-03-15,15.31,15.84,0.0,000001.XSHE,0,0,平安银行
2011-03-28,16.33,16.33,1600340.0,000001.XSHE,98000,0,平安银行
2011-03-29,16.33,16.5,1617000.0,000001.XSHE,98000,98000,平安银行
2011-03-30,16.33,16.38,1605240.0,000001.XSHE,98000,98000,平安银行
2011-03-31,16.33,16.08,1575840.0,000001.XSHE,98000,98000,平安银行
2011-04-01,16.33,16.57,1623860.0,000001.XSHE,98000,98000,平安银行
2011-04-06,16.33,17.0,1666000.0,000001.XSHE,98000,98000,平安银行
2011-04-07,16.33,17.2,1685600.0,000001.XSHE,98000,98000,平安银行
2011-04-08,16.33,17.17,1682660.0,000001.XSHE,98000,98000,平安银行
2011-04-11,16.33,17.03,1668940.0,000001.XSHE,98000,98000,平安银行
2011-04-12,16.33,17.06,1671880.0,000001.XSHE,98000,98000,平安银行
2011-04-13,16.33,18.05,1768900.0,000001.XSHE,98000,98000,平安银行
2011-04-14,16.33,18.19,1782620.0,000001.XSHE,98000,98000,平安银行
2011-04-15,16.33,18.73,1835540.0,000001.XSHE,98000,98000,平安银行
2011-04-18,16.33,18.87,1849260.0,000001.XSHE,98000,98000,平安银行
2011-04-19,16.33,18.43,1806140.0,000001.XSHE,98000,98000,平安银行
2011-04-20,16.33,18.07,1770860.0,000001.XSHE,98000,98000,平安银行
2011-04-21,16.33,18.12,1775760.0,000001.XSHE,98000,98000,平安银行
2011-04-22,16.33,17.86,1750280.0,000001.XSHE,98000,98000,平安银行
2011-04-25,16.33,18.08,1771840.0,000001.XSHE,98000,98000,平安银行
2011-04-26,16.33,18.42,1805160.0,000001.XSHE,98000,98000,平安银行
2011-04-27,16.33,18.28,1791440.0,000001.XSHE,98000,98000,平安银行
2011-04-28,16.33,18.62,1824760.0,000001.XSHE,98000,98000,平安银行
2011-04-29,16.33,18.2,0.0,000001.XSHE,0,0,平安银行
2011-06-24,16.99,16.99,1778853.0,000001.XSHE,104700,0,平安银行
2011-06-27,16.99,17.09,1789323.0,000001.XSHE,104700,104700,平安银行
2011-06-28,16.99,17.04,1784088.0,000001.XSHE,104700,104700,平安银行
2011-06-29,16.99,16.63,1741161.0,000001.XSHE,104700,104700,平安银行
2011-06-30,16.99,17.07,1787229.0,000001.XSHE,104700,104700,平安银行
2011-07-01,16.99,16.93,1772571.0,000001.XSHE,104700,104700,平安银行
2011-07-04,16.99,17.55,1837485.0,000001.XSHE,104700,104700,平安银行
2011-07-05,16.99,17.4,1821780.0,000001.XSHE,104700,104700,平安银行
2011-07-06,16.99,17.24,1805028.0,000001.XSHE,104700,104700,平安银行
2011-07-07,16.99,17.29,1810263.0,000001.XSHE,104700,104700,平安银行
2011-07-08,16.99,17.52,1834344.0,000001.XSHE,104700,104700,平安银行
2011-07-11,16.99,17.4,1821780.0,000001.XSHE,104700,104700,平安银行
2011-07-12,16.99,17.0,1779900.0,000001.XSHE,104700,104700,平安银行
2011-07-13,16.99,17.54,1836438.0,000001.XSHE,104700,104700,平安银行
2011-07-14,16.99,17.58,1840626.0,000001.XSHE,104700,104700,平安银行
2011-07-15,16.99,17.99,1883553.0,000001.XSHE,104700,104700,平安银行
2011-07-18,16.99,17.94,1878318.0,000001.XSHE,104700,104700,平安银行
2011-07-19,16.99,17.54,1836438.0,000001.XSHE,104700,104700,平安银行
2011-07-20,16.99,17.54,1836438.0,000001.XSHE,104700,104700,平安银行
2011-07-21,16.99,17.18,1798746.0,000001.XSHE,104700,104700,平安银行
2011-07-22,16.99,17.21,0.0,000001.XSHE,0,0,平安银行
2011-08-16,17.05,17.05,1797070.0,000001.XSHE,105400,0,平安银行
2011-08-17,17.05,17.05,1797070.0,000001.XSHE,105400,105400,平安银行
2011-08-18,17.05,16.73,1763342.0,000001.XSHE,105400,105400,平安银行
2011-08-19,17.05,16.6,1749640.0,000001.XSHE,105400,105400,平安银行
2011-08-22,17.05,16.42,1730668.0,000001.XSHE,105400,105400,平安银行
2011-08-23,17.05,16.64,1753856.0,000001.XSHE,105400,105400,平安银行
2011-08-24,17.05,16.39,0.0,000001.XSHE,0,0,平安银行
2011-08-25,17.34,17.34,1723596.0,000001.XSHE,99400,0,平安银行
2011-08-26,17.34,17.38,1727572.0,000001.XSHE,99400,99400,平安银行
2011-08-29,17.34,16.72,1661968.0,000001.XSHE,99400,99400,平安银行
2011-08-30,17.34,16.68,1657992.0,000001.XSHE,99400,99400,平安银行
2011-08-31,17.34,16.85,1674890.0,000001.XSHE,99400,99400,平安银行
2011-09-01,17.34,16.93,1682842.0,000001.XSHE,99400,99400,平安银行
2011-09-02,17.34,16.93,1682842.0,000001.XSHE,99400,99400,平安银行
2011-09-05,17.34,16.45,1635130.0,000001.XSHE,99400,99400,平安银行
2011-09-06,17.34,16.36,0.0,000001.XSHE,0,0,平安银行
2011-09-16,17.0,17.0,1621800.0,000001.XSHE,95400,0,平安银行
2011-09-19,17.0,16.6,1583640.0,000001.XSHE,95400,95400,平安银行
2011-09-20,17.0,16.74,1596996.0,000001.XSHE,95400,95400,平安银行
2011-09-21,17.0,17.06,1627524.0,000001.XSHE,95400,95400,平安银行
2011-09-22,17.0,16.7,1593180.0,000001.XSHE,95400,95400,平安银行
2011-09-23,17.0,16.62,1585548.0,000001.XSHE,95400,95400,平安银行
2011-09-26,17.0,16.04,0.0,000001.XSHE,0,0,平安银行
2011-10-14,16.36,16.36,1526388.0,000001.XSHE,93300,0,平安银行
2011-10-17,16.36,16.54,1543182.0,000001.XSHE,93300,93300,平安银行
2011-10-18,16.36,16.02,1494666.0,000001.XSHE,93300,93300,平安银行
2011-10-19,16.36,16.06,1498398.0,000001.XSHE,93300,93300,平安银行
2011-10-20,16.36,15.8,0.0,000001.XSHE,0,0,平安银行
2011-10-24,16.53,16.53,1469517.0,000001.XSHE,88900,0,平安银行
2011-10-25,16.53,16.64,1479296.0,000001.XSHE,88900,88900,平安银行
2011-10-26,16.53,16.75,1489075.0,000001.XSHE,88900,88900,平安银行
2011-10-27,16.53,16.72,1486408.0,000001.XSHE,88900,88900,平安银行
2011-10-28,16.53,17.03,1513967.0,000001.XSHE,88900,88900,平安银行
2011-10-31,16.53,16.88,1500632.0,000001.XSHE,88900,88900,平安银行
2011-11-01,16.53,16.85,1497965.0,000001.XSHE,88900,88900,平安银行
2011-11-02,16.53,17.12,1521968.0,000001.XSHE,88900,88900,平安银行
2011-11-03,16.53,16.88,1500632.0,000001.XSHE,88900,88900,平安银行
2011-11-04,16.53,16.98,1509522.0,000001.XSHE,88900,88900,平安银行
2011-11-07,16.53,16.72,1486408.0,000001.XSHE,88900,88900,平安银行
2011-11-08,16.53,16.74,1488186.0,000001.XSHE,88900,88900,平安银行
2011-11-09,16.53,16.94,1505966.0,000001.XSHE,88900,88900,平安银行
2011-11-10,16.53,16.78,1491742.0,000001.XSHE,88900,88900,平安银行
2011-11-11,16.53,16.57,0.0,000001.XSHE,0,0,平安银行
2011-12-07,16.05,16.05,1470180.0,000001.XSHE,91600,0,平安银行
2011-12-08,16.05,15.94,1460104.0,000001.XSHE,91600,91600,平安银行
2011-12-09,16.05,15.85,1451860.0,000001.XSHE,91600,91600,平安银行
2011-12-12,16.05,15.84,1450944.0,000001.XSHE,91600,91600,平安银行
2011-12-13,16.05,15.68,1436288.0,000001.XSHE,91600,91600,平安银行
2011-12-14,16.05,15.6,0.0,000001.XSHE,0,0,平安银行
2011-12-26,15.42,15.42,1424808.0,000001.XSHE,92400,0,平安银行
2011-12-27,15.42,15.48,1430352.0,000001.XSHE,92400,92400,平安银行
2011-12-28,15.42,15.3,1413720.0,000001.XSHE,92400,92400,平安银行
2011-12-29,15.42,15.31,1414644.0,000001.XSHE,92400,92400,平安银行
2011-12-30,15.42,15.59,1440516.0,000001.XSHE,92400,92400,平安银行
2012-01-04,15.42,15.16,1400784.0,000001.XSHE,92400,92400,平安银行
2012-01-05,15.42,15.39,1422036.0,000001.XSHE,92400,92400,平安银行
2012-01-06,15.42,15.35,1418340.0,000001.XSHE,92400,92400,平安银行
2012-01-09,15.42,15.78,1458072.0,000001.XSHE,92400,92400,平安银行
2012-01-10,15.42,15.78,1458072.0,000001.XSHE,92400,92400,平安银行
2012-01-11,15.42,15.78,1458072.0,000001.XSHE,92400,92400,平安银行
2012-01-12,15.42,15.78,1458072.0,000001.XSHE,92400,92400,平安银行
2012-01-13,15.42,15.78,1458072.0,000001.XSHE,92400,92400,平安银行
2012-01-16,15.42,15.78,1458072.0,000001.XSHE,92400,92400,平安银行
2012-01-17,15.42,15.78,1458072.0,000001.XSHE,92400,92400,平安银行
2012-01-18,15.42,15.78,1458072.0,000001.XSHE,92400,92400,平安银行
2012-01-19,15.42,15.78,1458072.0,000001.XSHE,92400,92400,平安银行
2012-01-20,15.42,16.78,1550472.0,000001.XSHE,92400,92400,平安银行
2012-01-30,15.42,16.71,1544004.0,000001.XSHE,92400,92400,平安银行
2012-01-31,15.42,16.64,1537536.0,000001.XSHE,92400,92400,平安银行
2012-02-01,15.42,16.45,1519980.0,000001.XSHE,92400,92400,平安银行
2012-02-02,15.42,16.92,1563408.0,000001.XSHE,92400,92400,平安银行
2012-02-03,15.42,16.99,1569876.0,000001.XSHE,92400,92400,平安银行
2012-02-06,15.42,16.83,1555092.0,000001.XSHE,92400,92400,平安银行
2012-02-07,15.42,16.59,1532916.0,000001.XSHE,92400,92400,平安银行
2012-02-08,15.42,16.9,1561560.0,000001.XSHE,92400,92400,平安银行
2012-02-09,15.42,16.9,1561560.0,000001.XSHE,92400,92400,平安银行
2012-02-10,15.42,16.91,1562484.0,000001.XSHE,92400,92400,平安银行
2012-02-13,15.42,16.68,1541232.0,000001.XSHE,92400,92400,平安银行
2012-02-14,15.42,16.6,1533840.0,000001.XSHE,92400,92400,平安银行
2012-02-15,15.42,16.62,1535688.0,000001.XSHE,92400,92400,平安银行
2012-02-16,15.42,16.45,0.0,000001.XSHE,0,0,平安银行
2012-02-28,17.25,17.25,1516275.0,000001.XSHE,87900,0,平安银行
2012-02-29,17.25,17.1,1503090.0,000001.XSHE,87900,87900,平安银行
2012-03-01,17.25,17.23,1514517.0,000001.XSHE,87900,87900,平安银行
2012-03-02,17.25,17.48,1536492.0,000001.XSHE,87900,87900,平安银行
2012-03-05,17.25,17.27,1518033.0,000001.XSHE,87900,87900,平安银行
2012-03-06,17.25,16.95,1489905.0,000001.XSHE,87900,87900,平安银行
2012-03-07,17.25,16.8,0.0,000001.XSHE,0,0,平安银行
2012-04-12,16.33,16.33,1472966.0,000001.XSHE,90200,0,平安银行
2012-04-13,16.33,16.3,1470260.0,000001.XSHE,90200,90200,平安银行
2012-04-16,16.33,16.18,1459436.0,000001.XSHE,90200,90200,平安银行
2012-04-17,16.33,15.99,1442298.0,000001.XSHE,90200,90200,平安银行
2012-04-18,16.33,16.26,1466652.0,000001.XSHE,90200,90200,平安银行
2012-04-19,16.33,16.36,1475672.0,000001.XSHE,90200,90200,平安银行
2012-04-20,16.33,16.58,1495516.0,000001.XSHE,90200,90200,平安银行
2012-04-23,16.33,16.42,1481084.0,000001.XSHE,90200,90200,平安银行
2012-04-24,16.33,16.76,1511752.0,000001.XSHE,90200,90200,平安银行
2012-04-25,16.33,16.86,1520772.0,000001.XSHE,90200,90200,平安银行
2012-04-26,16.33,16.58,1495516.0,000001.XSHE,90200,90200,平安银行
2012-04-27,16.33,16.56,1493712.0,000001.XSHE,90200,90200,平安银行
2012-05-02,16.33,16.78,1513556.0,000001.XSHE,90200,90200,平安银行
2012-05-03,16.33,16.63,1500026.0,000001.XSHE,90200,90200,平安银行
2012-05-04,16.33,16.71,1507242.0,000001.XSHE,90200,90200,平安银行
2012-05-07,16.33,16.6,1497320.0,000001.XSHE,90200,90200,平安银行
2012-05-08,16.33,16.54,1491908.0,000001.XSHE,90200,90200,平安银行
2012-05-09,16.33,16.16,0.0,000001.XSHE,0,0,平安银行
2012-06-19,15.25,15.25,1453325.0,000001.XSHE,95300,0,平安银行
2012-06-20,15.25,15.23,1451419.0,000001.XSHE,95300,95300,平安银行
2012-06-21,15.25,14.9,1419970.0,000001.XSHE,95300,95300,平安银行
2012-06-25,15.25,14.77,1407581.0,000001.XSHE,95300,95300,平安银行
2012-06-26,15.25,14.9,1419970.0,000001.XSHE,95300,95300,平安银行
2012-06-27,15.25,14.86,1416158.0,000001.XSHE,95300,95300,平安银行
2012-06-28,15.25,14.73,1403769.0,000001.XSHE,95300,95300,平安银行
2012-06-29,15.25,15.16,1444748.0,000001.XSHE,95300,95300,平安银行
2012-07-02,15.25,15.15,1443795.0,000001.XSHE,95300,95300,平安银行
2012-07-03,15.25,15.13,1441889.0,000001.XSHE,95300,95300,平安银行
2012-07-04,15.25,15.28,1456184.0,000001.XSHE,95300,95300,平安银行
2012-07-05,15.25,15.19,1447607.0,000001.XSHE,95300,95300,平安银行
2012-07-06,15.25,15.14,1442842.0,000001.XSHE,95300,95300,平安银行
2012-07-09,15.25,14.71,1401863.0,000001.XSHE,95300,95300,平安银行
2012-07-10,15.25,14.91,1420923.0,000001.XSHE,95300,95300,平安银行
2012-07-11,15.25,14.86,1416158.0,000001.XSHE,95300,95300,平安银行
2012-07-12,15.25,14.88,1418064.0,000001.XSHE,95300,95300,平安银行
2012-07-13,15.25,14.98,1427594.0,000001.XSHE,95300,95300,平安银行
2012-07-16,15.25,14.85,1415205.0,000001.XSHE,95300,95300,平安银行
2012-07-17,15.25,15.03,1432359.0,000001.XSHE,95300,95300,平安银行
2012-07-18,15.25,15.01,1430453.0,000001.XSHE,95300,95300,平安银行
2012-07-19,15.25,15.02,1431406.0,000001.XSHE,95300,95300,平安银行
2012-07-20,15.25,14.85,1415205.0,000001.XSHE,95300,95300,平安银行
2012-07-23,15.25,14.81,1411393.0,000001.XSHE,95300,95300,平安银行
2012-07-24,15.25,14.8,1410440.0,000001.XSHE,95300,95300,平安银行
2012-07-25,15.25,14.64,0.0,000001.XSHE,0,0,平安银行
2012-07-30,14.85,14.85,1391445.0,000001.XSHE,93700,0,平安银行
2012-07-31,14.85,15.1,1414870.0,000001.XSHE,93700,93700,平安银行
2012-08-01,14.85,15.16,1420492.0,000001.XSHE,93700,93700,平安银行
2012-08-02,14.85,15.16,1420492.0,000001.XSHE,93700,93700,平安银行
2012-08-03,14.85,15.15,1419555.0,000001.XSHE,93700,93700,平安银行
2012-08-06,14.85,15.1,1414870.0,000001.XSHE,93700,93700,平安银行
2012-08-07,14.85,14.96,1401752.0,000001.XSHE,93700,93700,平安银行
2012-08-08,14.85,15.04,1409248.0,000001.XSHE,93700,93700,平安银行
2012-08-09,14.85,15.04,1409248.0,000001.XSHE,93700,93700,平安银行
2012-08-10,14.85,15.08,1412996.0,000001.XSHE,93700,93700,平安银行
2012-08-13,14.85,15.03,1408311.0,000001.XSHE,93700,93700,平安银行
2012-08-14,14.85,15.26,1429862.0,000001.XSHE,93700,93700,平安银行
2012-08-15,14.85,15.1,1414870.0,000001.XSHE,93700,93700,平安银行
2012-08-16,14.85,14.91,1397067.0,000001.XSHE,93700,93700,平安银行
2012-08-17,14.85,15.06,1411122.0,000001.XSHE,93700,93700,平安银行
2012-08-20,14.85,14.85,0.0,000001.XSHE,0,0,平安银行
2012-09-14,14.05,14.05,1388140.0,000001.XSHE,98800,0,平安银行
2012-09-17,14.05,13.71,0.0,000001.XSHE,0,0,平安银行
2012-10-09,13.29,13.29,1351593.0,000001.XSHE,101700,0,平安银行
2012-10-10,13.29,13.29,1351593.0,000001.XSHE,101700,101700,平安银行
2012-10-11,13.29,13.22,1344474.0,000001.XSHE,101700,101700,平安银行
2012-10-12,13.29,13.29,1351593.0,000001.XSHE,101700,101700,平安银行
2012-10-15,13.29,13.1,1332270.0,000001.XSHE,101700,101700,平安银行
2012-10-16,13.29,13.22,1344474.0,000001.XSHE,101700,101700,平安银行
2012-10-17,13.29,13.36,1358712.0,000001.XSHE,101700,101700,平安银行
2012-10-18,13.29,13.51,1373967.0,000001.XSHE,101700,101700,平安银行
2012-10-19,13.29,13.43,1365831.0,000001.XSHE,101700,101700,平安银行
2012-10-22,13.29,13.47,1369899.0,000001.XSHE,101700,101700,平安银行
2012-10-23,13.29,13.3,1352610.0,000001.XSHE,101700,101700,平安银行
2012-10-24,13.29,13.29,1351593.0,000001.XSHE,101700,101700,平安银行
2012-10-25,13.29,13.21,1343457.0,000001.XSHE,101700,101700,平安银行
2012-10-26,13.29,12.93,1314981.0,000001.XSHE,101700,101700,平安银行
2012-10-29,13.29,12.94,1315998.0,000001.XSHE,101700,101700,平安银行
2012-10-30,13.29,13.09,1331253.0,000001.XSHE,101700,101700,平安银行
2012-10-31,13.29,13.16,1338372.0,000001.XSHE,101700,101700,平安银行
2012-11-01,13.29,13.38,1360746.0,000001.XSHE,101700,101700,平安银行
2012-11-02,13.29,13.53,1376001.0,000001.XSHE,101700,101700,平安银行
2012-11-05,13.29,13.61,1384137.0,000001.XSHE,101700,101700,平安银行
2012-11-06,13.29,13.58,1381086.0,000001.XSHE,101700,101700,平安银行
2012-11-07,13.29,13.55,1378035.0,000001.XSHE,101700,101700,平安银行
2012-11-08,13.29,13.38,1360746.0,000001.XSHE,101700,101700,平安银行
2012-11-09,13.29,13.42,1364814.0,000001.XSHE,101700,101700,平安银行
2012-11-12,13.29,13.62,1385154.0,000001.XSHE,101700,101700,平安银行
2012-11-13,13.29,13.42,1364814.0,000001.XSHE,101700,101700,平安银行
2012-11-14,13.29,13.38,1360746.0,000001.XSHE,101700,101700,平安银行
2012-11-15,13.29,13.15,1337355.0,000001.XSHE,101700,101700,平安银行
2012-11-16,13.29,13.1,0.0,000001.XSHE,0,0,平安银行
2012-12-06,13.51,13.51,1338841.0,000001.XSHE,99100,0,平安银行
2012-12-07,13.51,14.02,1389382.0,000001.XSHE,99100,99100,平安银行
2012-12-10,13.51,14.32,1419112.0,000001.XSHE,99100,99100,平安银行
2012-12-11,13.51,14.11,1398301.0,000001.XSHE,99100,99100,平安银行
2012-12-12,13.51,14.24,1411184.0,000001.XSHE,99100,99100,平安银行
2012-12-13,13.51,14.06,1393346.0,000001.XSHE,99100,99100,平安银行
2012-12-14,13.51,15.18,1504338.0,000001.XSHE,99100,99100,平安银行
2012-12-17,13.51,15.22,1508302.0,000001.XSHE,99100,99100,平安银行
2012-12-18,13.51,15.25,1511275.0,000001.XSHE,99100,99100,平安银行
2012-12-19,13.51,15.18,1504338.0,000001.XSHE,99100,99100,平安银行
2012-12-20,13.51,15.11,1497401.0,000001.XSHE,99100,99100,平安银行
2012-12-21,13.51,14.87,1473617.0,000001.XSHE,99100,99100,平安银行
2012-12-24,13.51,14.92,1478572.0,000001.XSHE,99100,99100,平安银行
2012-12-25,13.51,15.41,1527131.0,000001.XSHE,99100,99100,平安银行
2012-12-26,13.51,15.37,1523167.0,000001.XSHE,99100,99100,平安银行
2012-12-27,13.51,15.48,1534068.0,000001.XSHE,99100,99100,平安银行
2012-12-28,13.51,15.6,1545960.0,000001.XSHE,99100,99100,平安银行
2012-12-31,13.51,16.02,1587582.0,000001.XSHE,99100,99100,平安银行
2013-01-04,13.51,15.99,1584609.0,000001.XSHE,99100,99100,平安银行
2013-01-07,13.51,16.3,1615330.0,000001.XSHE,99100,99100,平安银行
2013-01-08,13.51,16.0,1585600.0,000001.XSHE,99100,99100,平安银行
2013-01-09,13.51,15.86,1571726.0,000001.XSHE,99100,99100,平安银行
2013-01-10,13.51,15.87,1572717.0,000001.XSHE,99100,99100,平安银行
2013-01-11,13.51,15.54,0.0,000001.XSHE,0,0,平安银行
2013-01-14,0.0,17.09,0.0,000001.XSHE,0,0,平安银行
2013-03-01,23.06,23.06,1535796.0,000001.XSHE,66600,0,平安银行
2013-03-04,23.06,21.75,1448550.0,000001.XSHE,66600,66600,平安银行
2013-03-05,23.06,23.93,1593738.0,000001.XSHE,66600,66600,平安银行
2013-03-06,23.06,24.25,1615050.0,000001.XSHE,66600,66600,平安银行
2013-03-07,23.06,23.74,1581084.0,000001.XSHE,66600,66600,平安银行
2013-03-08,23.06,22.86,1522476.0,000001.XSHE,66600,66600,平安银行
2013-03-11,23.06,22.63,1507158.0,000001.XSHE,66600,66600,平安银行
2013-03-12,23.06,21.72,0.0,000001.XSHE,0,0,平安银行
2013-04-22,20.23,20.23,1442399.0,000001.XSHE,71300,0,平安银行
2013-04-23,20.23,19.08,1360404.0,000001.XSHE,71300,71300,平安银行
2013-04-24,20.23,19.4,1383220.0,000001.XSHE,71300,71300,平安银行
2013-04-25,20.23,18.83,1342579.0,000001.XSHE,71300,71300,平安银行
2013-04-26,20.23,18.7,0.0,000001.XSHE,0,0,平安银行
2013-05-03,19.73,19.73,1329802.0,000001.XSHE,67400,0,平安银行
2013-05-06,19.73,20.31,1368894.0,000001.XSHE,67400,67400,平安银行
2013-05-07,19.73,20.25,1364850.0,000001.XSHE,67400,67400,平安银行
2013-05-08,19.73,20.38,1373612.0,000001.XSHE,67400,67400,平安银行
2013-05-09,19.73,20.13,1356762.0,000001.XSHE,67400,67400,平安银行
2013-05-10,19.73,20.19,1360806.0,000001.XSHE,67400,67400,平安银行
2013-05-13,19.73,19.92,1342608.0,000001.XSHE,67400,67400,平安银行
2013-05-14,19.73,19.29,1300146.0,000001.XSHE,67400,67400,平安银行
2013-05-15,19.73,19.3,1300820.0,000001.XSHE,67400,67400,平安银行
2013-05-16,19.73,20.31,1368894.0,000001.XSHE,67400,67400,平安银行
2013-05-17,19.73,20.39,1374286.0,000001.XSHE,67400,67400,平安银行
2013-05-20,19.73,20.98,1414052.0,000001.XSHE,67400,67400,平安银行
2013-05-21,19.73,21.1,1422140.0,000001.XSHE,67400,67400,平安银行
2013-05-22,19.73,21.16,1426184.0,000001.XSHE,67400,67400,平安银行
2013-05-23,19.73,20.52,1383048.0,000001.XSHE,67400,67400,平安银行
2013-05-24,19.73,20.69,1394506.0,000001.XSHE,67400,67400,平安银行
2013-05-27,19.73,20.42,1376308.0,000001.XSHE,67400,67400,平安银行
2013-05-28,19.73,21.6,1455840.0,000001.XSHE,67400,67400,平安银行
2013-05-29,19.73,21.28,1434272.0,000001.XSHE,67400,67400,平安银行
2013-05-30,19.73,21.2,1428880.0,000001.XSHE,67400,67400,平安银行
2013-05-31,19.73,20.99,1414726.0,000001.XSHE,67400,67400,平安银行
2013-06-03,19.73,20.91,1409334.0,000001.XSHE,67400,67400,平安银行
2013-06-04,19.73,21.13,1424162.0,000001.XSHE,67400,67400,平安银行
2013-06-05,19.73,20.81,1402594.0,000001.XSHE,67400,67400,平安银行
2013-06-06,19.73,20.13,0.0,000001.XSHE,0,0,平安银行
2013-07-11,0.0,10.34,0.0,000001.XSHE,0,0,平安银行
2013-10-25,13.43,13.43,1353744.0,000001.XSHE,100800,0,平安银行
2013-10-28,13.43,13.13,1323504.0,000001.XSHE,100800,100800,平安银行
2013-10-29,13.43,14.12,1423296.0,000001.XSHE,100800,100800,平安银行
2013-10-30,13.43,14.4,1451520.0,000001.XSHE,100800,100800,平安银行
2013-10-31,13.43,13.9,1401120.0,000001.XSHE,100800,100800,平安银行
2013-11-01,13.43,13.87,1398096.0,000001.XSHE,100800,100800,平安银行
2013-11-04,13.43,13.56,1366848.0,000001.XSHE,100800,100800,平安银行
2013-11-05,13.43,13.66,1376928.0,000001.XSHE,100800,100800,平安银行
2013-11-06,13.43,13.15,1325520.0,000001.XSHE,100800,100800,平安银行
2013-11-07,13.43,13.27,0.0,000001.XSHE,0,0,平安银行
2014-01-03,11.93,11.93,1333774.0,000001.XSHE,111800,0,平安银行
2014-01-06,11.93,11.67,0.0,000001.XSHE,0,0,平安银行
2014-01-08,11.76,11.76,1301832.0,000001.XSHE,110700,0,平安银行
2014-01-09,11.76,11.82,1308474.0,000001.XSHE,110700,110700,平安银行
2014-01-10,11.76,11.82,1308474.0,000001.XSHE,110700,110700,平安银行
2014-01-13,11.76,11.6,1284120.0,000001.XSHE,110700,110700,平安银行
2014-01-14,11.76,11.72,1297404.0,000001.XSHE,110700,110700,平安银行
2014-01-15,11.76,11.67,1291869.0,000001.XSHE,110700,110700,平安银行
2014-01-16,11.76,11.69,1294083.0,000001.XSHE,110700,110700,平安银行
2014-01-17,11.76,11.48,1270836.0,000001.XSHE,110700,110700,平安银行
2014-01-20,11.76,11.3,1250910.0,000001.XSHE,110700,110700,平安银行
2014-01-21,11.76,11.36,1257552.0,000001.XSHE,110700,110700,平安银行
2014-01-22,11.76,11.79,1305153.0,000001.XSHE,110700,110700,平安银行
2014-01-23,11.76,11.7,1295190.0,000001.XSHE,110700,110700,平安银行
2014-01-24,11.76,11.66,1290762.0,000001.XSHE,110700,110700,平安银行
2014-01-27,11.76,11.39,1260873.0,000001.XSHE,110700,110700,平安银行
2014-01-28,11.76,11.5,1273050.0,000001.XSHE,110700,110700,平安银行
2014-01-29,11.76,11.56,1279692.0,000001.XSHE,110700,110700,平安银行
2014-01-30,11.76,11.4,1261980.0,000001.XSHE,110700,110700,平安银行
2014-02-07,11.76,11.38,1259766.0,000001.XSHE,110700,110700,平安银行
2014-02-10,11.76,11.57,1280799.0,000001.XSHE,110700,110700,平安银行
2014-02-11,11.76,12.0,1328400.0,000001.XSHE,110700,110700,平安银行
2014-02-12,11.76,11.94,1321758.0,000001.XSHE,110700,110700,平安银行
2014-02-13,11.76,12.22,1352754.0,000001.XSHE,110700,110700,平安银行
2014-02-14,11.76,12.08,1337256.0,000001.XSHE,110700,110700,平安银行
2014-02-17,11.76,11.97,1325079.0,000001.XSHE,110700,110700,平安银行
2014-02-18,11.76,11.66,1290762.0,000001.XSHE,110700,110700,平安银行
2014-02-19,11.76,12.0,1328400.0,000001.XSHE,110700,110700,平安银行
2014-02-20,11.76,11.76,1301832.0,000001.XSHE,110700,110700,平安银行
2014-02-21,11.76,11.6,1284120.0,000001.XSHE,110700,110700,平安银行
2014-02-24,11.76,11.16,0.0,000001.XSHE,0,0,平安银行
2014-03-21,10.79,10.79,1232218.0,000001.XSHE,114200,0,平安银行
2014-03-24,10.79,10.79,1232218.0,000001.XSHE,114200,114200,平安银行
2014-03-25,10.79,10.6,1210520.0,000001.XSHE,114200,114200,平安银行
2014-03-26,10.79,10.7,1221940.0,000001.XSHE,114200,114200,平安银行
2014-03-27,10.79,10.77,1229934.0,000001.XSHE,114200,114200,平安银行
2014-03-28,10.79,10.78,1231076.0,000001.XSHE,114200,114200,平安银行
2014-03-31,10.79,10.77,1229934.0,000001.XSHE,114200,114200,平安银行
2014-04-01,10.79,10.8,1233360.0,000001.XSHE,114200,114200,平安银行
2014-04-02,10.79,10.91,1245922.0,000001.XSHE,114200,114200,平安银行
2014-04-03,10.79,10.77,1229934.0,000001.XSHE,114200,114200,平安银行
2014-04-04,10.79,10.79,1232218.0,000001.XSHE,114200,114200,平安银行
2014-04-08,10.79,11.28,1288176.0,000001.XSHE,114200,114200,平安银行
2014-04-09,10.79,11.19,1277898.0,000001.XSHE,114200,114200,平安银行
2014-04-10,10.79,11.36,1297312.0,000001.XSHE,114200,114200,平安银行
2014-04-11,10.79,11.4,1301880.0,000001.XSHE,114200,114200,平安银行
2014-04-14,10.79,11.28,1288176.0,000001.XSHE,114200,114200,平安银行
2014-04-15,10.79,10.97,1252774.0,000001.XSHE,114200,114200,平安银行
2014-04-16,10.79,10.99,1255058.0,000001.XSHE,114200,114200,平安银行
2014-04-17,10.79,10.9,1244780.0,000001.XSHE,114200,114200,平安银行
2014-04-18,10.79,10.8,1233360.0,000001.XSHE,114200,114200,平安银行
2014-04-21,10.79,10.69,0.0,000001.XSHE,0,0,平安银行
2014-04-23,11.3,11.3,1217010.0,000001.XSHE,107700,0,平安银行
2014-04-24,11.3,11.23,1209471.0,000001.XSHE,107700,107700,平安银行
2014-04-25,11.3,11.25,1211625.0,000001.XSHE,107700,107700,平安银行
2014-04-28,11.3,11.03,1187931.0,000001.XSHE,107700,107700,平安银行
2014-04-29,11.3,11.16,1201932.0,000001.XSHE,107700,107700,平安银行
2014-04-30,11.3,11.14,1199778.0,000001.XSHE,107700,107700,平安银行
2014-05-05,11.3,10.99,0.0,000001.XSHE,0,0,平安银行
2014-05-12,11.34,11.34,1180494.0,000001.XSHE,104100,0,平安银行
2014-05-13,11.34,11.23,1169043.0,000001.XSHE,104100,104100,平安银行
2014-05-14,11.34,11.31,1177371.0,000001.XSHE,104100,104100,平安银行
2014-05-15,11.34,11.19,1164879.0,000001.XSHE,104100,104100,平安银行
2014-05-16,11.34,11.27,1173207.0,000001.XSHE,104100,104100,平安银行
2014-05-19,11.34,11.27,1173207.0,000001.XSHE,104100,104100,平安银行
2014-05-20,11.34,11.24,1170084.0,000001.XSHE,104100,104100,平安银行
2014-05-21,11.34,11.33,1179453.0,000001.XSHE,104100,104100,平安银行
2014-05-22,11.34,11.39,1185699.0,000001.XSHE,104100,104100,平安银行
2014-05-23,11.34,11.58,1205478.0,000001.XSHE,104100,104100,平安银行
2014-05-26,11.34,11.58,1205478.0,000001.XSHE,104100,104100,平安银行
2014-05-27,11.34,11.58,1205478.0,000001.XSHE,104100,104100,平安银行
2014-05-28,11.34,11.6,1207560.0,000001.XSHE,104100,104100,平安银行
2014-05-29,11.34,11.5,1197150.0,000001.XSHE,104100,104100,平安银行
2014-05-30,11.34,11.5,1197150.0,000001.XSHE,104100,104100,平安银行
2014-06-03,11.34,11.51,1198191.0,000001.XSHE,104100,104100,平安银行
2014-06-04,11.34,11.33,0.0,000001.XSHE,0,0,平安银行
2014-06-10,11.75,11.75,1176175.0,000001.XSHE,100100,0,平安银行
2014-06-11,11.75,11.78,1179178.0,000001.XSHE,100100,100100,平安银行
2014-06-12,11.75,9.71,971971.0,000001.XSHE,100100,100100,平安银行
2014-06-13,11.75,10.12,1013012.0,000001.XSHE,100100,100100,平安银行
2014-06-16,11.75,10.13,1014013.0,000001.XSHE,100100,100100,平安银行
2014-06-17,11.75,10.04,1005004.0,000001.XSHE,100100,100100,平安银行
2014-06-18,11.75,9.86,986986.0,000001.XSHE,100100,100100,平安银行
2014-06-19,11.75,9.78,978978.0,000001.XSHE,100100,100100,平安银行
2014-06-20,11.75,9.85,985985.0,000001.XSHE,100100,100100,平安银行
2014-06-23,11.75,9.77,977977.0,000001.XSHE,100100,100100,平安银行
2014-06-24,11.75,9.8,0.0,000001.XSHE,0,0,平安银行
2014-07-24,10.16,10.16,994664.0,000001.XSHE,97900,0,平安银行
2014-07-25,10.16,10.22,1000538.0,000001.XSHE,97900,97900,平安银行
2014-07-28,10.16,10.78,1055362.0,000001.XSHE,97900,97900,平安银行
2014-07-29,10.16,10.82,1059278.0,000001.XSHE,97900,97900,平安银行
2014-07-30,10.16,10.75,1052425.0,000001.XSHE,97900,97900,平安银行
2014-07-31,10.16,10.87,1064173.0,000001.XSHE,97900,97900,平安银行
2014-08-01,10.16,10.7,1047530.0,000001.XSHE,97900,97900,平安银行
2014-08-04,10.16,10.93,1070047.0,000001.XSHE,97900,97900,平安银行
2014-08-05,10.16,10.82,1059278.0,000001.XSHE,97900,97900,平安银行
2014-08-06,10.16,10.65,1042635.0,000001.XSHE,97900,97900,平安银行
2014-08-07,10.16,10.5,1027950.0,000001.XSHE,97900,97900,平安银行
2014-08-08,10.16,10.54,1031866.0,000001.XSHE,97900,97900,平安银行
2014-08-11,10.16,10.71,1048509.0,000001.XSHE,97900,97900,平安银行
2014-08-12,10.16,10.6,0.0,000001.XSHE,0,0,平安银行
2014-09-05,10.57,10.57,1034803.0,000001.XSHE,97900,0,平安银行
2014-09-09,10.57,10.46,1024034.0,000001.XSHE,97900,97900,平安银行
2014-09-10,10.57,10.33,0.0,000001.XSHE,0,0,平安银行
2014-10-16,10.2,10.2,1008780.0,000001.XSHE,98900,0,平安银行
2014-10-17,10.2,10.12,1000868.0,000001.XSHE,98900,98900,平安银行
2014-10-20,10.2,10.17,1005813.0,000001.XSHE,98900,98900,平安银行
2014-10-21,10.2,10.09,997901.0,000001.XSHE,98900,98900,平安银行
2014-10-22,10.2,10.1,0.0,000001.XSHE,0,0,平安银行
2014-10-23,10.24,10.24,996352.0,000001.XSHE,97300,0,平安银行
2014-10-24,10.24,10.18,990514.0,000001.XSHE,97300,97300,平安银行
2014-10-27,10.24,10.02,974946.0,000001.XSHE,97300,97300,平安银行
2014-10-28,10.24,10.17,989541.0,000001.XSHE,97300,97300,平安银行
2014-10-29,10.24,10.3,1002190.0,000001.XSHE,97300,97300,平安银行
2014-10-30,10.24,10.43,1014839.0,000001.XSHE,97300,97300,平安银行
2014-10-31,10.24,11.03,1073219.0,000001.XSHE,97300,97300,平安银行
2014-11-03,10.24,11.11,1081003.0,000001.XSHE,97300,97300,平安银行
2014-11-04,10.24,10.85,1055705.0,000001.XSHE,97300,97300,平安银行
2014-11-05,10.24,10.82,1052786.0,000001.XSHE,97300,97300,平安银行
2014-11-06,10.24,10.84,1054732.0,000001.XSHE,97300,97300,平安银行
2014-11-07,10.24,10.91,1061543.0,000001.XSHE,97300,97300,平安银行
2014-11-10,10.24,11.14,1083922.0,000001.XSHE,97300,97300,平安银行
2014-11-11,10.24,11.27,1096571.0,000001.XSHE,97300,97300,平安银行
2014-11-12,10.24,11.2,1089760.0,000001.XSHE,97300,97300,平安银行
2014-11-13,10.24,11.05,1075165.0,000001.XSHE,97300,97300,平安银行
2014-11-14,10.24,10.93,1063489.0,000001.XSHE,97300,97300,平安银行
2014-11-17,10.24,10.76,1046948.0,000001.XSHE,97300,97300,平安银行
2014-11-18,10.24,10.61,0.0,000001.XSHE,0,0,平安银行
2014-11-27,11.31,11.31,1030341.0,000001.XSHE,91100,0,平安银行
2014-11-28,11.31,12.44,1133284.0,000001.XSHE,91100,91100,平安银行
2014-12-01,11.31,12.19,1110509.0,000001.XSHE,91100,91100,平安银行
2014-12-02,11.31,13.12,1195232.0,000001.XSHE,91100,91100,平安银行
2014-12-03,11.31,13.1,1193410.0,000001.XSHE,91100,91100,平安银行
2014-12-04,11.31,13.96,1271756.0,000001.XSHE,91100,91100,平安银行
2014-12-05,11.31,14.53,1323683.0,000001.XSHE,91100,91100,平安银行
2014-12-08,11.31,15.23,1387453.0,000001.XSHE,91100,91100,平安银行
2014-12-09,11.31,13.71,1248981.0,000001.XSHE,91100,91100,平安银行
2014-12-10,11.31,14.19,1292709.0,000001.XSHE,91100,91100,平安银行
2014-12-11,11.31,13.92,1268112.0,000001.XSHE,91100,91100,平安银行
2014-12-12,11.31,13.94,1269934.0,000001.XSHE,91100,91100,平安银行
2014-12-15,11.31,13.58,1237138.0,000001.XSHE,91100,91100,平安银行
2014-12-16,11.31,14.39,1310929.0,000001.XSHE,91100,91100,平安银行
2014-12-17,11.31,15.36,1399296.0,000001.XSHE,91100,91100,平安银行
2014-12-18,11.31,14.89,1356479.0,000001.XSHE,91100,91100,平安银行
2014-12-19,11.31,15.0,1366500.0,000001.XSHE,91100,91100,平安银行
2014-12-22,11.31,15.34,1397474.0,000001.XSHE,91100,91100,平安银行
2014-12-23,11.31,14.75,1343725.0,000001.XSHE,91100,91100,平安银行
2014-12-24,11.31,14.07,0.0,000001.XSHE,0,0,平安银行
2015-01-05,16.02,16.02,1278396.0,000001.XSHE,79800,0,平安银行
2015-01-06,16.02,15.78,1259244.0,000001.XSHE,79800,79800,平安银行
2015-01-07,16.02,15.48,0.0,000001.XSHE,0,0,平安银行
2015-02-16,13.92,13.92,1231920.0,000001.XSHE,88500,0,平安银行
2015-02-17,13.92,13.99,1238115.0,000001.XSHE,88500,88500,平安银行
2015-02-25,13.92,13.8,1221300.0,000001.XSHE,88500,88500,平安银行
2015-02-26,13.92,14.07,1245195.0,000001.XSHE,88500,88500,平安银行
2015-02-27,13.92,13.99,1238115.0,000001.XSHE,88500,88500,平安银行
2015-03-02,13.92,14.03,1241655.0,000001.XSHE,88500,88500,平安银行
2015-03-03,13.92,13.6,1203600.0,000001.XSHE,88500,88500,平安银行
2015-03-04,13.92,13.57,1200945.0,000001.XSHE,88500,88500,平安银行
2015-03-05,13.92,13.38,0.0,000001.XSHE,0,0,平安银行
2015-03-09,14.15,14.15,1181525.0,000001.XSHE,83500,0,平安银行
2015-03-10,14.15,13.77,1149795.0,000001.XSHE,83500,83500,平安银行
2015-03-11,14.15,13.86,1157310.0,000001.XSHE,83500,83500,平安银行
2015-03-12,14.15,14.6,1219100.0,000001.XSHE,83500,83500,平安银行
2015-03-13,14.15,14.99,1251665.0,000001.XSHE,83500,83500,平安银行
2015-03-16,14.15,15.41,1286735.0,000001.XSHE,83500,83500,平安银行
2015-03-17,14.15,15.4,1285900.0,000001.XSHE,83500,83500,平安银行
2015-03-18,14.15,15.51,1295085.0,000001.XSHE,83500,83500,平安银行
2015-03-19,14.15,15.19,1268365.0,000001.XSHE,83500,83500,平安银行
2015-03-20,14.15,15.32,1279220.0,000001.XSHE,83500,83500,平安银行
2015-03-23,14.15,15.43,1288405.0,000001.XSHE,83500,83500,平安银行
2015-03-24,14.15,15.35,1281725.0,000001.XSHE,83500,83500,平安银行
2015-03-25,14.15,14.91,1244985.0,000001.XSHE,83500,83500,平安银行
2015-03-26,14.15,15.11,1261685.0,000001.XSHE,83500,83500,平安银行
2015-03-27,14.15,15.08,1259180.0,000001.XSHE,83500,83500,平安银行
2015-03-30,14.15,15.66,1307610.0,000001.XSHE,83500,83500,平安银行
2015-03-31,14.15,15.75,1315125.0,000001.XSHE,83500,83500,平安银行
2015-04-01,14.15,15.96,1332660.0,000001.XSHE,83500,83500,平安银行
2015-04-02,14.15,15.8,1319300.0,000001.XSHE,83500,83500,平安银行
2015-04-03,14.15,15.85,1323475.0,000001.XSHE,83500,83500,平安银行
2015-04-07,14.15,16.81,1403635.0,000001.XSHE,83500,83500,平安银行
2015-04-08,14.15,17.92,1496320.0,000001.XSHE,83500,83500,平安银行
2015-04-09,14.15,18.0,1503000.0,000001.XSHE,83500,83500,平安银行
2015-04-10,14.15,19.8,1653300.0,000001.XSHE,83500,83500,平安银行
2015-04-13,14.15,16.54,1381090.0,000001.XSHE,83500,83500,平安银行
2015-04-14,14.15,16.3,1361050.0,000001.XSHE,83500,83500,平安银行
2015-04-15,14.15,16.65,1390275.0,000001.XSHE,83500,83500,平安银行
2015-04-16,14.15,17.0,1419500.0,000001.XSHE,83500,83500,平安银行
2015-04-17,14.15,16.93,1413655.0,000001.XSHE,83500,83500,平安银行
2015-04-20,14.15,16.3,1361050.0,000001.XSHE,83500,83500,平安银行
2015-04-21,14.15,16.56,1382760.0,000001.XSHE,83500,83500,平安银行
2015-04-22,14.15,16.95,1415325.0,000001.XSHE,83500,83500,平安银行
2015-04-23,14.15,16.66,1391110.0,000001.XSHE,83500,83500,平安银行
2015-04-24,14.15,16.14,1347690.0,000001.XSHE,83500,83500,平安银行
2015-04-27,14.15,16.42,0.0,000001.XSHE,0,0,平安银行
2015-05-27,16.48,16.48,1381024.0,000001.XSHE,83800,0,平安银行
2015-05-28,16.48,15.5,0.0,000001.XSHE,0,0,平安银行
2015-06-08,17.29,17.29,1295021.0,000001.XSHE,74900,0,平安银行
2015-06-09,17.29,16.98,1271802.0,000001.XSHE,74900,74900,平安银行
2015-06-10,17.29,16.68,1249332.0,000001.XSHE,74900,74900,平安银行
2015-06-11,17.29,16.48,1234352.0,000001.XSHE,74900,74900,平安银行
2015-06-12,17.29,16.51,1236599.0,000001.XSHE,74900,74900,平安银行
2015-06-15,17.29,15.92,0.0,000001.XSHE,0,0,平安银行
2015-07-10,14.86,14.86,1190286.0,000001.XSHE,80100,0,平安银行
2015-07-13,14.86,14.44,1156644.0,000001.XSHE,80100,80100,平安银行
2015-07-14,14.86,13.87,1110987.0,000001.XSHE,80100,80100,平安银行
2015-07-15,14.86,13.58,1087758.0,000001.XSHE,80100,80100,平安银行
2015-07-16,14.86,13.6,1089360.0,000001.XSHE,80100,80100,平安银行
2015-07-17,14.86,13.82,1106982.0,000001.XSHE,80100,80100,平安银行
2015-07-20,14.86,13.6,1089360.0,000001.XSHE,80100,80100,平安银行
2015-07-21,14.86,13.57,1086957.0,000001.XSHE,80100,80100,平安银行
2015-07-22,14.86,13.52,1082952.0,000001.XSHE,80100,80100,平安银行
2015-07-23,14.86,13.67,1094967.0,000001.XSHE,80100,80100,平安银行
2015-07-24,14.86,13.38,1071738.0,000001.XSHE,80100,80100,平安银行
2015-07-27,14.86,12.44,0.0,000001.XSHE,0,0,平安银行
2015-08-05,12.59,12.59,993351.0,000001.XSHE,78900,0,平安银行
2015-08-06,12.59,12.53,988617.0,000001.XSHE,78900,78900,平安银行
2015-08-07,12.59,12.61,994929.0,000001.XSHE,78900,78900,平安银行
2015-08-10,12.59,12.92,1019388.0,000001.XSHE,78900,78900,平安银行
2015-08-11,12.59,12.84,1013076.0,000001.XSHE,78900,78900,平安银行
2015-08-12,12.59,12.57,991773.0,000001.XSHE,78900,78900,平安银行
2015-08-13,12.59,12.57,991773.0,000001.XSHE,78900,78900,平安银行
2015-08-14,12.59,12.64,997296.0,000001.XSHE,78900,78900,平安银行
2015-08-17,12.59,12.54,989406.0,000001.XSHE,78900,78900,平安银行
2015-08-18,12.59,12.27,968103.0,000001.XSHE,78900,78900,平安银行
2015-08-19,12.59,12.23,964947.0,000001.XSHE,78900,78900,平安银行
2015-08-20,12.59,12.05,950745.0,000001.XSHE,78900,78900,平安银行
2015-08-21,12.59,11.5,0.0,000001.XSHE,0,0,平安银行
2015-09-01,11.57,11.57,904774.0,000001.XSHE,78200,0,平安银行
2015-09-02,11.57,11.84,925888.0,000001.XSHE,78200,78200,平安银行
2015-09-07,11.57,10.89,851598.0,000001.XSHE,78200,78200,平安银行
2015-09-08,11.57,11.0,860200.0,000001.XSHE,78200,78200,平安银行
2015-09-09,11.57,11.1,868020.0,000001.XSHE,78200,78200,平安银行
2015-09-10,11.57,11.05,864110.0,000001.XSHE,78200,78200,平安银行
2015-09-11,11.57,10.96,857072.0,000001.XSHE,78200,78200,平安银行
2015-09-14,11.57,10.87,850034.0,000001.XSHE,78200,78200,平安银行
2015-09-15,11.57,10.57,826574.0,000001.XSHE,78200,78200,平安银行
2015-09-16,11.57,10.9,852380.0,000001.XSHE,78200,78200,平安银行
2015-09-17,11.57,10.77,842214.0,000001.XSHE,78200,78200,平安银行
2015-09-18,11.57,10.81,845342.0,000001.XSHE,78200,78200,平安银行
2015-09-21,11.57,10.82,846124.0,000001.XSHE,78200,78200,平安银行
2015-09-22,11.57,10.96,857072.0,000001.XSHE,78200,78200,平安银行
2015-09-23,11.57,10.7,836740.0,000001.XSHE,78200,78200,平安银行
2015-09-24,11.57,10.71,837522.0,000001.XSHE,78200,78200,平安银行
2015-09-25,11.57,10.55,825010.0,000001.XSHE,78200,78200,平安银行
2015-09-28,11.57,10.53,823446.0,000001.XSHE,78200,78200,平安银行
2015-09-29,11.57,10.38,811716.0,000001.XSHE,78200,78200,平安银行
2015-09-30,11.57,10.49,820318.0,000001.XSHE,78200,78200,平安银行
2015-10-08,11.57,10.7,836740.0,000001.XSHE,78200,78200,平安银行
2015-10-09,11.57,10.9,852380.0,000001.XSHE,78200,78200,平安银行
2015-10-12,11.57,11.23,878186.0,000001.XSHE,78200,78200,平安银行
2015-10-13,11.57,11.13,870366.0,000001.XSHE,78200,78200,平安银行
2015-10-14,11.57,10.98,858636.0,000001.XSHE,78200,78200,平安银行
2015-10-15,11.57,11.17,873494.0,000001.XSHE,78200,78200,平安银行
2015-10-16,11.57,11.23,878186.0,000001.XSHE,78200,78200,平安银行
2015-10-19,11.57,11.26,880532.0,000001.XSHE,78200,78200,平安银行
2015-10-20,11.57,11.32,885224.0,000001.XSHE,78200,78200,平安银行
2015-10-21,11.57,11.22,877404.0,000001.XSHE,78200,78200,平安银行
2015-10-22,11.57,11.33,886006.0,000001.XSHE,78200,78200,平安银行
2015-10-23,11.57,11.47,896954.0,000001.XSHE,78200,78200,平安银行
2015-10-26,11.57,11.52,900864.0,000001.XSHE,78200,78200,平安银行
2015-10-27,11.57,11.48,897736.0,000001.XSHE,78200,78200,平安银行
2015-10-28,11.57,11.27,881314.0,000001.XSHE,78200,78200,平安银行
2015-10-29,11.57,11.27,881314.0,000001.XSHE,78200,78200,平安银行
2015-10-30,11.57,11.36,888352.0,000001.XSHE,78200,78200,平安银行
2015-11-02,11.57,11.14,871148.0,000001.XSHE,78200,78200,平安银行
2015-11-03,11.57,11.05,0.0,000001.XSHE,0,0,平安银行
2015-11-04,11.69,11.69,862722.0,000001.XSHE,73800,0,平安银行
2015-11-05,11.69,12.07,890766.0,000001.XSHE,73800,73800,平安银行
2015-11-06,11.69,12.39,914382.0,000001.XSHE,73800,73800,平安银行
2015-11-09,11.69,12.94,954972.0,000001.XSHE,73800,73800,平安银行
2015-11-10,11.69,12.75,940950.0,000001.XSHE,73800,73800,平安银行
2015-11-11,11.69,12.55,926190.0,000001.XSHE,73800,73800,平安银行
2015-11-12,11.69,12.4,915120.0,000001.XSHE,73800,73800,平安银行
2015-11-13,11.69,12.24,903312.0,000001.XSHE,73800,73800,平安银行
2015-11-16,11.69,12.34,910692.0,000001.XSHE,73800,73800,平安银行
2015-11-17,11.69,12.5,922500.0,000001.XSHE,73800,73800,平安银行
2015-11-18,11.69,12.42,916596.0,000001.XSHE,73800,73800,平安银行
2015-11-19,11.69,12.5,922500.0,000001.XSHE,73800,73800,平安银行
2015-11-20,11.69,12.55,926190.0,000001.XSHE,73800,73800,平安银行
2015-11-23,11.69,12.45,918810.0,000001.XSHE,73800,73800,平安银行
2015-11-24,11.69,12.28,0.0,000001.XSHE,0,0,平安银行
2015-12-21,12.51,12.51,903222.0,000001.XSHE,72200,0,平安银行
2015-12-22,12.51,12.43,897446.0,000001.XSHE,72200,72200,平安银行
2015-12-23,12.51,12.48,901056.0,000001.XSHE,72200,72200,平安银行
2015-12-24,12.51,12.34,890948.0,000001.XSHE,72200,72200,平安银行
2015-12-25,12.51,12.41,896002.0,000001.XSHE,72200,72200,平安银行
2015-12-28,12.51,11.98,864956.0,000001.XSHE,72200,72200,平安银行
2015-12-29,12.51,12.09,0.0,000001.XSHE,0,0,平安银行
2016-02-04,9.95,9.95,870625.0,000001.XSHE,87500,0,平安银行
2016-02-05,9.95,9.92,868000.0,000001.XSHE,87500,87500,平安银行
2016-02-15,9.95,9.79,856625.0,000001.XSHE,87500,87500,平安银行
2016-02-16,9.95,10.01,875875.0,000001.XSHE,87500,87500,平安银行
2016-02-17,9.95,10.15,888125.0,000001.XSHE,87500,87500,平安银行
2016-02-18,9.95,10.09,882875.0,000001.XSHE,87500,87500,平安银行
2016-02-19,9.95,10.04,878500.0,000001.XSHE,87500,87500,平安银行
2016-02-22,9.95,10.29,900375.0,000001.XSHE,87500,87500,平安银行
2016-02-23,9.95,10.12,885500.0,000001.XSHE,87500,87500,平安银行
2016-02-24,9.95,10.15,888125.0,000001.XSHE,87500,87500,平安银行
2016-02-25,9.95,9.67,846125.0,000001.XSHE,87500,87500,平安银行
2016-02-26,9.95,9.79,856625.0,000001.XSHE,87500,87500,平安银行
2016-02-29,9.95,9.56,836500.0,000001.XSHE,87500,87500,平安银行
2016-03-01,9.95,9.7,848750.0,000001.XSHE,87500,87500,平安银行
2016-03-02,9.95,10.1,883750.0,000001.XSHE,87500,87500,平安银行
2016-03-03,9.95,10.11,884625.0,000001.XSHE,87500,87500,平安银行
2016-03-04,9.95,10.4,910000.0,000001.XSHE,87500,87500,平安银行
2016-03-07,9.95,10.34,904750.0,000001.XSHE,87500,87500,平安银行
2016-03-08,9.95,10.28,899500.0,000001.XSHE,87500,87500,平安银行
2016-03-09,9.95,10.17,889875.0,000001.XSHE,87500,87500,平安银行
2016-03-10,9.95,10.15,888125.0,000001.XSHE,87500,87500,平安银行
2016-03-11,9.95,10.16,889000.0,000001.XSHE,87500,87500,平安银行
2016-03-14,9.95,10.26,897750.0,000001.XSHE,87500,87500,平安银行
2016-03-15,9.95,10.32,903000.0,000001.XSHE,87500,87500,平安银行
2016-03-16,9.95,10.35,905625.0,000001.XSHE,87500,87500,平安银行
2016-03-17,9.95,10.42,911750.0,000001.XSHE,87500,87500,平安银行
2016-03-18,9.95,10.54,922250.0,000001.XSHE,87500,87500,平安银行
2016-03-21,9.95,10.8,945000.0,000001.XSHE,87500,87500,平安银行
2016-03-22,9.95,10.72,938000.0,000001.XSHE,87500,87500,平安银行
2016-03-23,9.95,10.7,936250.0,000001.XSHE,87500,87500,平安银行
2016-03-24,9.95,10.52,920500.0,000001.XSHE,87500,87500,平安银行
2016-03-25,9.95,10.59,926625.0,000001.XSHE,87500,87500,平安银行
2016-03-28,9.95,10.48,917000.0,000001.XSHE,87500,87500,平安银行
2016-03-29,9.95,10.43,912625.0,000001.XSHE,87500,87500,平安银行
2016-03-30,9.95,10.7,936250.0,000001.XSHE,87500,87500,平安银行
2016-03-31,9.95,10.64,931000.0,000001.XSHE,87500,87500,平安银行
2016-04-01,9.95,10.66,932750.0,000001.XSHE,87500,87500,平安银行
2016-04-05,9.95,10.7,936250.0,000001.XSHE,87500,87500,平安银行
2016-04-06,9.95,10.72,938000.0,000001.XSHE,87500,87500,平安银行
2016-04-07,9.95,10.59,926625.0,000001.XSHE,87500,87500,平安银行
2016-04-08,9.95,10.57,0.0,000001.XSHE,0,0,平安银行
2016-04-11,10.72,10.72,922992.0,000001.XSHE,86100,0,平安银行
2016-04-12,10.72,10.67,0.0,000001.XSHE,0,0,平安银行
2016-04-13,10.81,10.81,916688.0,000001.XSHE,84800,0,平安银行
2016-04-14,10.81,10.84,919232.0,000001.XSHE,84800,84800,平安银行
2016-04-15,10.81,10.88,922624.0,000001.XSHE,84800,84800,平安银行
2016-04-18,10.81,10.73,909904.0,000001.XSHE,84800,84800,平安银行
2016-04-19,10.81,10.77,913296.0,000001.XSHE,84800,84800,平安银行
2016-04-20,10.81,10.52,0.0,000001.XSHE,0,0,平安银行
2016-05-31,10.55,10.55,889365.0,000001.XSHE,84300,0,平安银行
2016-06-01,10.55,10.48,883464.0,000001.XSHE,84300,84300,平安银行
2016-06-02,10.55,10.46,881778.0,000001.XSHE,84300,84300,平安银行
2016-06-03,10.55,10.5,885150.0,000001.XSHE,84300,84300,平安银行
2016-06-06,10.55,10.51,885993.0,000001.XSHE,84300,84300,平安银行
2016-06-07,10.55,10.52,886836.0,000001.XSHE,84300,84300,平安银行
2016-06-08,10.55,10.5,885150.0,000001.XSHE,84300,84300,平安银行
2016-06-13,10.55,10.33,870819.0,000001.XSHE,84300,84300,平安银行
2016-06-14,10.55,10.4,876720.0,000001.XSHE,84300,84300,平安银行
2016-06-15,10.55,10.44,880092.0,000001.XSHE,84300,84300,平安银行
2016-06-16,10.55,8.57,722451.0,000001.XSHE,84300,84300,平安银行
2016-06-17,10.55,8.58,723294.0,000001.XSHE,84300,84300,平安银行
2016-06-20,10.55,8.6,724980.0,000001.XSHE,84300,84300,平安银行
2016-06-21,10.55,8.61,725823.0,000001.XSHE,84300,84300,平安银行
2016-06-22,10.55,8.73,735939.0,000001.XSHE,84300,84300,平安银行
2016-06-23,10.55,8.66,730038.0,000001.XSHE,84300,84300,平安银行
2016-06-24,10.55,8.57,722451.0,000001.XSHE,84300,84300,平安银行
2016-06-27,10.55,8.61,725823.0,000001.XSHE,84300,84300,平安银行
2016-06-28,10.55,8.63,727509.0,000001.XSHE,84300,84300,平安银行
2016-06-29,10.55,8.69,732567.0,000001.XSHE,84300,84300,平安银行
2016-06-30,10.55,8.7,733410.0,000001.XSHE,84300,84300,平安银行
2016-07-01,10.55,8.71,734253.0,000001.XSHE,84300,84300,平安银行
2016-07-04,10.55,8.81,742683.0,000001.XSHE,84300,84300,平安银行
2016-07-05,10.55,8.81,742683.0,000001.XSHE,84300,84300,平安银行
2016-07-06,10.55,8.79,740997.0,000001.XSHE,84300,84300,平安银行
2016-07-07,10.55,8.78,740154.0,000001.XSHE,84300,84300,平安银行
2016-07-08,10.55,8.74,736782.0,000001.XSHE,84300,84300,平安银行
2016-07-11,10.55,8.75,737625.0,000001.XSHE,84300,84300,平安银行
2016-07-12,10.55,8.88,748584.0,000001.XSHE,84300,84300,平安银行
2016-07-13,10.55,8.99,757857.0,000001.XSHE,84300,84300,平安银行
2016-07-14,10.55,8.94,753642.0,000001.XSHE,84300,84300,平安银行
2016-07-15,10.55,8.99,757857.0,000001.XSHE,84300,84300,平安银行
2016-07-18,10.55,9.04,762072.0,000001.XSHE,84300,84300,平安银行
2016-07-19,10.55,8.97,756171.0,000001.XSHE,84300,84300,平安银行
2016-07-20,10.55,8.96,755328.0,000001.XSHE,84300,84300,平安银行
2016-07-21,10.55,8.99,757857.0,000001.XSHE,84300,84300,平安银行
2016-07-22,10.55,8.94,753642.0,000001.XSHE,84300,84300,平安银行
2016-07-25,10.55,8.98,757014.0,000001.XSHE,84300,84300,平安银行
2016-07-26,10.55,9.11,767973.0,000001.XSHE,84300,84300,平安银行
2016-07-27,10.55,9.01,759543.0,000001.XSHE,84300,84300,平安银行
2016-07-28,10.55,9.08,765444.0,000001.XSHE,84300,84300,平安银行
2016-07-29,10.55,9.2,775560.0,000001.XSHE,84300,84300,平安银行
2016-08-01,10.55,9.28,782304.0,000001.XSHE,84300,84300,平安银行
2016-08-02,10.55,9.25,779775.0,000001.XSHE,84300,84300,平安银行
2016-08-03,10.55,9.18,773874.0,000001.XSHE,84300,84300,平安银行
2016-08-04,10.55,8.99,0.0,000001.XSHE,0,0,平安银行
2016-08-12,9.5,9.5,768550.0,000001.XSHE,80900,0,平安银行
2016-08-15,9.5,9.68,783112.0,000001.XSHE,80900,80900,平安银行
2016-08-16,9.5,9.52,770168.0,000001.XSHE,80900,80900,平安银行
2016-08-17,9.5,9.55,772595.0,000001.XSHE,80900,80900,平安银行
2016-08-18,9.5,9.5,768550.0,000001.XSHE,80900,80900,平安银行
2016-08-19,9.5,9.51,769359.0,000001.XSHE,80900,80900,平安银行
2016-08-22,9.5,9.4,760460.0,000001.XSHE,80900,80900,平安银行
2016-08-23,9.5,9.4,0.0,000001.XSHE,0,0,平安银行
2016-10-12,9.13,9.13,758703.0,000001.XSHE,83100,0,平安银行
2016-10-13,9.13,9.07,753717.0,000001.XSHE,83100,83100,平安银行
2016-10-14,9.13,9.09,755379.0,000001.XSHE,83100,83100,平安银行
2016-10-17,9.13,9.05,752055.0,000001.XSHE,83100,83100,平安银行
2016-10-18,9.13,9.09,755379.0,000001.XSHE,83100,83100,平安银行
2016-10-19,9.13,9.08,754548.0,000001.XSHE,83100,83100,平安银行
2016-10-20,9.13,9.07,753717.0,000001.XSHE,83100,83100,平安银行
2016-10-21,9.13,9.13,758703.0,000001.XSHE,83100,83100,平安银行
2016-10-24,9.13,9.24,767844.0,000001.XSHE,83100,83100,平安银行
2016-10-25,9.13,9.21,765351.0,000001.XSHE,83100,83100,平安银行
2016-10-26,9.13,9.15,760365.0,000001.XSHE,83100,83100,平安银行
2016-10-27,9.13,9.16,761196.0,000001.XSHE,83100,83100,平安银行
2016-10-28,9.13,9.17,762027.0,000001.XSHE,83100,83100,平安银行
2016-10-31,9.13,9.15,760365.0,000001.XSHE,83100,83100,平安银行
2016-11-01,9.13,9.14,759534.0,000001.XSHE,83100,83100,平安银行
2016-11-02,9.13,9.07,753717.0,000001.XSHE,83100,83100,平安银行
2016-11-03,9.13,9.13,758703.0,000001.XSHE,83100,83100,平安银行
2016-11-04,9.13,9.11,757041.0,000001.XSHE,83100,83100,平安银行
2016-11-07,9.13,9.12,757872.0,000001.XSHE,83100,83100,平安银行
2016-11-08,9.13,9.15,760365.0,000001.XSHE,83100,83100,平安银行
2016-11-09,9.13,9.07,0.0,000001.XSHE,0,0,平安银行
2016-11-10,9.14,9.14,751308.0,000001.XSHE,82200,0,平安银行
2016-11-11,9.14,9.18,754596.0,000001.XSHE,82200,82200,平安银行
2016-11-14,9.14,9.22,757884.0,000001.XSHE,82200,82200,平安银行
2016-11-15,9.14,9.23,758706.0,000001.XSHE,82200,82200,平安银行
2016-11-16,9.14,9.23,758706.0,000001.XSHE,82200,82200,平安银行
2016-11-17,9.14,9.21,757062.0,000001.XSHE,82200,82200,平安银行
2016-11-18,9.14,9.18,754596.0,000001.XSHE,82200,82200,平安银行
2016-11-21,9.14,9.24,759528.0,000001.XSHE,82200,82200,平安银行
2016-11-22,9.14,9.36,769392.0,000001.XSHE,82200,82200,平安银行
2016-11-23,9.14,9.45,776790.0,000001.XSHE,82200,82200,平安银行
2016-11-24,9.14,9.47,778434.0,000001.XSHE,82200,82200,平安银行
2016-11-25,9.14,9.62,790764.0,000001.XSHE,82200,82200,平安银行
2016-11-28,9.14,9.63,791586.0,000001.XSHE,82200,82200,平安银行
2016-11-29,9.14,9.62,790764.0,000001.XSHE,82200,82200,平安银行
2016-11-30,9.14,9.55,785010.0,000001.XSHE,82200,82200,平安银行
2016-12-01,9.14,9.6,789120.0,000001.XSHE,82200,82200,平安银行
2016-12-02,9.14,9.55,785010.0,000001.XSHE,82200,82200,平安银行
2016-12-05,9.14,9.46,777612.0,000001.XSHE,82200,82200,平安银行
2016-12-06,9.14,9.49,780078.0,000001.XSHE,82200,82200,平安银行
2016-12-07,9.14,9.48,0.0,000001.XSHE,0,0,平安银行
2016-12-09,9.65,9.65,777790.0,000001.XSHE,80600,0,平安银行
2016-12-12,9.65,9.5,0.0,000001.XSHE,0,0,平安银行
2017-01-09,9.15,9.15,763110.0,000001.XSHE,83400,0,平安银行
2017-01-10,9.15,9.15,763110.0,000001.XSHE,83400,83400,平安银行
2017-01-11,9.15,9.14,762276.0,000001.XSHE,83400,83400,平安银行
2017-01-12,9.15,9.15,763110.0,000001.XSHE,83400,83400,平安银行
2017-01-13,9.15,9.16,763944.0,000001.XSHE,83400,83400,平安银行
2017-01-16,9.15,9.14,762276.0,000001.XSHE,83400,83400,平安银行
2017-01-17,9.15,9.15,763110.0,000001.XSHE,83400,83400,平安银行
2017-01-18,9.15,9.17,764778.0,000001.XSHE,83400,83400,平安银行
2017-01-19,9.15,9.18,765612.0,000001.XSHE,83400,83400,平安银行
2017-01-20,9.15,9.22,768948.0,000001.XSHE,83400,83400,平安银行
2017-01-23,9.15,9.22,768948.0,000001.XSHE,83400,83400,平安银行
2017-01-24,9.15,9.27,773118.0,000001.XSHE,83400,83400,平安银行
2017-01-25,9.15,9.26,772284.0,000001.XSHE,83400,83400,平安银行
2017-01-26,9.15,9.33,778122.0,000001.XSHE,83400,83400,平安银行
2017-02-03,9.15,9.26,772284.0,000001.XSHE,83400,83400,平安银行
2017-02-06,9.15,9.31,776454.0,000001.XSHE,83400,83400,平安银行
2017-02-07,9.15,9.3,775620.0,000001.XSHE,83400,83400,平安银行
2017-02-08,9.15,9.3,775620.0,000001.XSHE,83400,83400,平安银行
2017-02-09,9.15,9.31,776454.0,000001.XSHE,83400,83400,平安银行
2017-02-10,9.15,9.33,778122.0,000001.XSHE,83400,83400,平安银行
2017-02-13,9.15,9.41,784794.0,000001.XSHE,83400,83400,平安银行
2017-02-14,9.15,9.4,783960.0,000001.XSHE,83400,83400,平安银行
2017-02-15,9.15,9.45,788130.0,000001.XSHE,83400,83400,平安银行
2017-02-16,9.15,9.46,788964.0,000001.XSHE,83400,83400,平安银行
2017-02-17,9.15,9.39,783126.0,000001.XSHE,83400,83400,平安银行
2017-02-20,9.15,9.56,797304.0,000001.XSHE,83400,83400,平安银行
2017-02-21,9.15,9.57,798138.0,000001.XSHE,83400,83400,平安银行
2017-02-22,9.15,9.57,798138.0,000001.XSHE,83400,83400,平安银行
2017-02-23,9.15,9.51,793134.0,000001.XSHE,83400,83400,平安银行
2017-02-24,9.15,9.5,792300.0,000001.XSHE,83400,83400,平安银行
2017-02-27,9.15,9.43,786462.0,000001.XSHE,83400,83400,平安银行
2017-02-28,9.15,9.48,790632.0,000001.XSHE,83400,83400,平安银行
2017-03-01,9.15,9.49,0.0,000001.XSHE,0,0,平安银行
2017-04-10,9.18,9.18,789480.0,000001.XSHE,86000,0,平安银行
2017-04-11,9.18,9.15,786900.0,000001.XSHE,86000,86000,平安银行
2017-04-12,9.18,9.12,0.0,000001.XSHE,0,0,平安银行
2017-04-28,8.99,8.99,783029.0,000001.XSHE,87100,0,平安银行
2017-05-02,8.99,8.94,778674.0,000001.XSHE,87100,87100,平安银行
2017-05-03,8.99,8.91,0.0,000001.XSHE,0,0,平安银行
2017-05-12,8.9,8.9,773410.0,000001.XSHE,86900,0,平安银行
2017-05-15,8.9,8.86,769934.0,000001.XSHE,86900,86900,平安银行
2017-05-16,8.9,8.84,768196.0,000001.XSHE,86900,86900,平安银行
2017-05-17,8.9,8.77,762113.0,000001.XSHE,86900,86900,平安银行
2017-05-18,8.9,8.73,758637.0,000001.XSHE,86900,86900,平安银行
2017-05-19,8.9,8.69,755161.0,000001.XSHE,86900,86900,平安银行
2017-05-22,8.9,8.68,754292.0,000001.XSHE,86900,86900,平安银行
2017-05-23,8.9,8.79,763851.0,000001.XSHE,86900,86900,平安银行
2017-05-24,8.9,8.81,765589.0,000001.XSHE,86900,86900,平安银行
2017-05-25,8.9,9.1,790790.0,000001.XSHE,86900,86900,平安银行
2017-05-26,8.9,9.1,790790.0,000001.XSHE,86900,86900,平安银行
2017-05-31,8.9,9.2,799480.0,000001.XSHE,86900,86900,平安银行
2017-06-01,8.9,9.19,798611.0,000001.XSHE,86900,86900,平安银行
2017-06-02,8.9,9.17,796873.0,000001.XSHE,86900,86900,平安银行
