datetime,commission,exec_id,last_price,last_quantity,order_book_id,order_id,position_effect,side,symbol,tax,trading_datetime,transaction_cost
2005-06-08 15:00:00,799.568,1496569022,6.49,154000,000001.XSHE,1496569021,,BUY,平安银行,0.0,2005-06-08 15:00:00,799.568
2005-06-28 15:00:00,770.0,1496569023,6.25,154000,000001.XSHE,1496569022,,SELL,平安银行,962.5,2005-06-28 15:00:00,1732.5
2005-07-20 15:00:00,767.9856000000001,1496569024,5.79,165800,000001.XSHE,1496569023,,BUY,平安银行,0.0,2005-07-20 15:00:00,767.9856000000001
2005-08-18 15:00:00,798.4928,1496569025,6.02,165800,000001.XSHE,1496569024,,SELL,平安银行,998.1159999999999,2005-08-18 15:00:00,1796.6088
2005-09-01 15:00:00,796.5656,1496569026,6.29,158300,000001.XSHE,1496569025,,BUY,平安银行,0.0,2005-09-01 15:00:00,796.5656
2005-09-20 15:00:00,777.5696,1496569027,6.14,158300,000001.XSHE,1496569026,,SELL,平安银行,971.962,2005-09-20 15:00:00,1749.5316
2005-11-17 15:00:00,775.6608,1496569028,5.68,170700,000001.XSHE,1496569027,,BUY,平安银行,0.0,2005-11-17 15:00:00,775.6608
2006-01-12 15:00:00,857.5968,1496569029,6.28,170700,000001.XSHE,1496569028,,SELL,平安银行,1071.996,2006-01-12 15:00:00,1929.5928000000001
2006-02-21 15:00:00,855.5400000000001,1496569030,6.79,157500,000001.XSHE,1496569029,,BUY,平安银行,0.0,2006-02-21 15:00:00,855.5400000000001
2006-03-03 15:00:00,824.0400000000001,1496569031,6.54,157500,000001.XSHE,1496569030,,SELL,平安银行,1030.05,2006-03-03 15:00:00,1854.0900000000001
2006-03-28 15:00:00,821.4984000000001,1496569032,6.39,160700,000001.XSHE,1496569031,,BUY,平安银行,0.0,2006-03-28 15:00:00,821.4984000000001
2006-04-24 15:00:00,836.9256,1496569033,6.51,160700,000001.XSHE,1496569032,,SELL,平安银行,1046.157,2006-04-24 15:00:00,1883.0826
2006-04-27 15:00:00,834.96,1496569034,7.35,142000,000001.XSHE,1496569033,,BUY,平安银行,0.0,2006-04-27 15:00:00,834.96
2006-05-23 15:00:00,891.76,1496569035,7.85,142000,000001.XSHE,1496569034,,SELL,平安银行,1114.7,2006-05-23 15:00:00,2006.46
2006-07-03 15:00:00,889.7040000000001,1496569036,8.1,137300,000001.XSHE,1496569035,,BUY,平安银行,0.0,2006-07-03 15:00:00,889.7040000000001
2006-07-19 15:00:00,785.356,1496569037,7.15,137300,000001.XSHE,1496569036,,SELL,平安银行,981.695,2006-07-19 15:00:00,1767.051
2006-08-14 15:00:00,782.8776,1496569038,6.81,143700,000001.XSHE,1496569037,,BUY,平安银行,0.0,2006-08-14 15:00:00,782.8776
2006-11-02 15:00:00,1076.0256,1496569039,9.36,143700,000001.XSHE,1496569038,,SELL,平安银行,1345.032,2006-11-02 15:00:00,2421.0576
2006-11-07 15:00:00,1073.6112,1496569040,10.03,133800,000001.XSHE,1496569039,,BUY,平安银行,0.0,2006-11-07 15:00:00,1073.6112
2006-11-14 15:00:00,1076.8224,1496569041,10.06,133800,000001.XSHE,1496569040,,SELL,平安银行,1346.028,2006-11-14 15:00:00,2422.8504000000003
2006-11-20 15:00:00,1074.14,1496569042,10.75,124900,000001.XSHE,1496569041,,BUY,平安银行,0.0,2006-11-20 15:00:00,1074.14
2006-12-13 15:00:00,1339.9272,1496569043,13.41,124900,000001.XSHE,1496569042,,SELL,平安银行,1674.909,2006-12-13 15:00:00,3014.8362
2007-01-12 15:00:00,1335.9616,1496569044,15.52,107600,000001.XSHE,1496569043,,BUY,平安银行,0.0,2007-01-12 15:00:00,1335.9616
2007-02-02 15:00:00,1509.8432,1496569045,17.54,107600,000001.XSHE,1496569044,,SELL,平安银行,1887.304,2007-02-02 15:00:00,3397.1472000000003
2007-02-14 15:00:00,1505.904,1496569046,20.55,91600,000001.XSHE,1496569045,,BUY,平安银行,0.0,2007-02-14 15:00:00,1505.904
2007-02-27 15:00:00,1406.976,1496569047,19.2,91600,000001.XSHE,1496569046,,SELL,平安银行,1758.72,2007-02-27 15:00:00,3165.696
2007-03-22 15:00:00,1402.884,1496569048,19.95,87900,000001.XSHE,1496569047,,BUY,平安银行,0.0,2007-03-22 15:00:00,1402.884
2007-03-27 15:00:00,1335.3767999999998,1496569049,18.99,87900,000001.XSHE,1496569048,,SELL,平安银行,1669.2209999999998,2007-03-27 15:00:00,3004.5977999999996
2007-04-04 15:00:00,1331.8344,1496569050,19.89,83700,000001.XSHE,1496569049,,BUY,平安银行,0.0,2007-04-04 15:00:00,1331.8344
2007-07-02 15:00:00,1834.7040000000002,1496569051,27.4,83700,000001.XSHE,1496569050,,SELL,平安银行,2293.38,2007-07-02 15:00:00,4128.084000000001
2007-07-23 15:00:00,1832.02,1496569052,32.95,69500,000001.XSHE,1496569051,,BUY,平安银行,0.0,2007-07-23 15:00:00,1832.02
2007-08-15 15:00:00,2112.8,1496569053,38.0,69500,000001.XSHE,1496569052,,SELL,平安银行,2641.0,2007-08-15 15:00:00,4753.8
2007-09-26 15:00:00,2104.7872,1496569054,38.02,69200,000001.XSHE,1496569053,,BUY,平安银行,0.0,2007-09-26 15:00:00,2104.7872
2007-10-22 15:00:00,2203.8816,1496569055,39.81,69200,000001.XSHE,1496569054,,SELL,平安银行,2754.852,2007-10-22 15:00:00,4958.7336
2007-10-24 15:00:00,2200.3520000000003,1496569056,41.8,65800,000001.XSHE,1496569055,,BUY,平安银行,0.0,2007-10-24 15:00:00,2200.3520000000003
2007-11-07 15:00:00,2347.744,1496569057,44.6,65800,000001.XSHE,1496569056,,SELL,平安银行,2934.68,2007-11-07 15:00:00,5282.424
2007-12-05 15:00:00,2341.936,1496569058,39.4,74300,000001.XSHE,1496569057,,BUY,平安银行,0.0,2007-12-05 15:00:00,2341.936
2007-12-17 15:00:00,2099.4208000000003,1496569059,35.32,74300,000001.XSHE,1496569058,,SELL,平安银行,2624.276,2007-12-17 15:00:00,4723.6968
2007-12-24 15:00:00,2094.272,1496569060,38.05,68800,000001.XSHE,1496569059,,BUY,平安银行,0.0,2007-12-24 15:00:00,2094.272
2008-01-21 15:00:00,2080.512,1496569061,37.8,68800,000001.XSHE,1496569060,,SELL,平安银行,2600.64,2008-01-21 15:00:00,4681.152
2008-02-18 15:00:00,2072.632,1496569062,36.49,71000,000001.XSHE,1496569061,,BUY,平安银行,0.0,2008-02-18 15:00:00,2072.632
2008-02-20 15:00:00,1976.0720000000001,1496569063,34.79,71000,000001.XSHE,1496569062,,SELL,平安银行,2470.09,2008-02-20 15:00:00,4446.162
2008-03-20 15:00:00,1972.0,1496569064,29.0,85000,000001.XSHE,1496569063,,BUY,平安银行,0.0,2008-03-20 15:00:00,1972.0
2008-04-15 15:00:00,1740.8000000000002,1496569065,25.6,85000,000001.XSHE,1496569064,,SELL,平安银行,2176.0,2008-04-15 15:00:00,3916.8
2008-06-26 15:00:00,1736.64,1496569066,21.6,100500,000001.XSHE,1496569066,,BUY,平安银行,0.0,2008-06-26 15:00:00,1736.64
2008-08-11 15:00:00,1551.72,1496569067,19.3,100500,000001.XSHE,1496569068,,SELL,平安银行,1939.65,2008-08-11 15:00:00,3491.37
2008-08-21 15:00:00,1547.2776000000001,1496569068,20.21,95700,000001.XSHE,1496569069,,BUY,平安银行,0.0,2008-08-21 15:00:00,1547.2776000000001
2008-09-02 15:00:00,1432.4376,1496569069,18.71,95700,000001.XSHE,1496569070,,SELL,平安银行,1790.547,2008-09-02 15:00:00,3222.9846
2008-09-26 15:00:00,1429.4464,1496569070,14.99,119200,000001.XSHE,1496569071,,BUY,平安银行,0.0,2008-09-26 15:00:00,1429.4464
2008-10-06 15:00:00,1325.5040000000001,1496569071,13.9,119200,000001.XSHE,1496569072,,SELL,平安银行,1656.88,2008-10-06 15:00:00,2982.384
2008-10-17 15:00:00,1321.992,1496569072,12.9,128100,000001.XSHE,1496569073,,BUY,平安银行,0.0,2008-10-17 15:00:00,1321.992
2008-11-04 15:00:00,5.0,1496569073,8.35,400,000001.XSHE,1496569075,,BUY,平安银行,0.0,2008-11-04 15:00:00,5.0
2008-11-28 15:00:00,924.172,1496569074,8.99,128500,000001.XSHE,1496569076,,SELL,平安银行,1155.215,2008-11-28 15:00:00,2079.3869999999997
2008-12-04 15:00:00,922.4000000000001,1496569075,10.0,115300,000001.XSHE,1496569077,,BUY,平安银行,0.0,2008-12-04 15:00:00,922.4000000000001
2008-12-23 15:00:00,939.0032,1496569076,10.18,115300,000001.XSHE,1496569078,,SELL,平安银行,1173.7540000000001,2008-12-23 15:00:00,2112.7572
2009-01-14 15:00:00,935.952,1496569077,10.2,114700,000001.XSHE,1496569079,,BUY,平安银行,0.0,2009-01-14 15:00:00,935.952
2009-02-20 15:00:00,1250.6888000000001,1496569078,13.63,114700,000001.XSHE,1496569080,,SELL,平安银行,1563.361,2009-02-20 15:00:00,2814.0498000000002
2009-03-18 15:00:00,1248.0024,1496569079,15.71,99300,000001.XSHE,1496569083,,BUY,平安银行,0.0,2009-03-18 15:00:00,1248.0024
2009-03-20 15:00:00,1217.8152,1496569080,15.33,99300,000001.XSHE,1496569084,,SELL,平安银行,1522.269,2009-03-20 15:00:00,2740.0842000000002
2009-03-26 15:00:00,1214.5504,1496569081,16.52,91900,000001.XSHE,1496569085,,BUY,平安银行,0.0,2009-03-26 15:00:00,1214.5504
2009-03-30 15:00:00,1179.2608,1496569082,16.04,91900,000001.XSHE,1496569086,,SELL,平安银行,1474.076,2009-03-30 15:00:00,2653.3368
2009-05-04 15:00:00,1175.8816000000002,1496569083,16.76,87700,000001.XSHE,1496569087,,BUY,平安银行,0.0,2009-05-04 15:00:00,1175.8816000000002
2009-05-21 15:00:00,1189.212,1496569084,16.95,87700,000001.XSHE,1496569088,,SELL,平安银行,1486.515,2009-05-21 15:00:00,2675.727
2009-06-02 15:00:00,1185.6768,1496569085,18.48,80200,000001.XSHE,1496569089,,BUY,平安银行,0.0,2009-06-02 15:00:00,1185.6768
2009-06-26 15:00:00,1385.856,1496569086,21.6,80200,000001.XSHE,1496569090,,SELL,平安银行,1732.32,2009-06-26 15:00:00,3118.176
2009-07-01 15:00:00,1381.98,1496569087,23.25,74300,000001.XSHE,1496569091,,BUY,平安银行,0.0,2009-07-01 15:00:00,1381.98
2009-07-08 15:00:00,1342.1552,1496569088,22.58,74300,000001.XSHE,1496569092,,SELL,平安银行,1677.6939999999997,2009-07-08 15:00:00,3019.8491999999997
2009-09-07 15:00:00,1340.164,1496569089,20.81,80500,000001.XSHE,1496569095,,BUY,平安银行,0.0,2009-09-07 15:00:00,1340.164
2009-09-22 15:00:00,1269.968,1496569090,19.72,80500,000001.XSHE,1496569096,,SELL,平安银行,1587.46,2009-09-22 15:00:00,2857.428
2009-10-09 15:00:00,1266.3680000000002,1496569091,21.05,75200,000001.XSHE,1496569097,,BUY,平安银行,0.0,2009-10-09 15:00:00,1266.3680000000002
2009-11-20 15:00:00,1540.6976,1496569092,25.61,75200,000001.XSHE,1496569098,,SELL,平安银行,1925.872,2009-11-20 15:00:00,3466.5696
2010-01-22 15:00:00,1536.2048,1496569093,23.08,83200,000001.XSHE,1496569099,,BUY,平安银行,0.0,2010-01-22 15:00:00,1536.2048
2010-03-16 15:00:00,1500.928,1496569094,22.55,83200,000001.XSHE,1496569100,,SELL,平安银行,1876.16,2010-03-16 15:00:00,3377.088
2010-03-30 15:00:00,1496.5720000000001,1496569095,23.65,79100,000001.XSHE,1496569101,,BUY,平安银行,0.0,2010-03-30 15:00:00,1496.5720000000001
2010-04-07 15:00:00,1445.948,1496569096,22.85,79100,000001.XSHE,1496569102,,SELL,平安银行,1807.435,2010-04-07 15:00:00,3253.383
2010-05-21 15:00:00,1442.7072,1496569097,17.82,101200,000001.XSHE,1496569103,,BUY,平安银行,0.0,2010-05-21 15:00:00,1442.7072
2010-09-10 15:00:00,1392.5120000000002,1496569098,17.2,101200,000001.XSHE,1496569104,,SELL,平安银行,1740.64,2010-09-10 15:00:00,3133.152
2010-10-11 15:00:00,1389.8016,1496569099,18.04,96300,000001.XSHE,1496569105,,BUY,平安银行,0.0,2010-10-11 15:00:00,1389.8016
2010-10-29 15:00:00,1418.3064000000002,1496569100,18.41,96300,000001.XSHE,1496569106,,SELL,平安银行,1772.883,2010-10-29 15:00:00,3191.1894
2010-11-08 15:00:00,1413.2976,1496569101,19.14,92300,000001.XSHE,1496569107,,BUY,平安银行,0.0,2010-11-08 15:00:00,1413.2976
2010-11-09 15:00:00,1377.116,1496569102,18.65,92300,000001.XSHE,1496569108,,SELL,平安银行,1721.3949999999998,2010-11-09 15:00:00,3098.5109999999995
2010-12-07 15:00:00,1374.5368,1496569103,16.73,102700,000001.XSHE,1496569109,,BUY,平安银行,0.0,2010-12-07 15:00:00,1374.5368
2010-12-29 15:00:00,1295.6632,1496569104,15.77,102700,000001.XSHE,1496569110,,SELL,平安银行,1619.579,2010-12-29 15:00:00,2915.2421999999997
2011-01-05 15:00:00,1292.2416,1496569105,15.93,101400,000001.XSHE,1496569111,,BUY,平安银行,0.0,2011-01-05 15:00:00,1292.2416
2011-01-18 15:00:00,1244.3808000000001,1496569106,15.34,101400,000001.XSHE,1496569112,,SELL,平安银行,1555.476,2011-01-18 15:00:00,2799.8568000000005
2011-01-31 15:00:00,1240.7224,1496569107,15.31,101300,000001.XSHE,1496569113,,BUY,平安银行,0.0,2011-01-31 15:00:00,1240.7224
2011-03-15 15:00:00,1283.6736,1496569108,15.84,101300,000001.XSHE,1496569114,,SELL,平安银行,1604.592,2011-03-15 15:00:00,2888.2656
2011-03-28 15:00:00,1280.272,1496569109,16.33,98000,000001.XSHE,1496569115,,BUY,平安银行,0.0,2011-03-28 15:00:00,1280.272
2011-04-29 15:00:00,1426.88,1496569110,18.2,98000,000001.XSHE,1496569116,,SELL,平安银行,1783.6000000000001,2011-04-29 15:00:00,3210.4800000000005
2011-06-24 15:00:00,1423.0823999999998,1496569111,16.99,104700,000001.XSHE,1496569117,,BUY,平安银行,0.0,2011-06-24 15:00:00,1423.0823999999998
2011-07-22 15:00:00,1441.5096,1496569112,17.21,104700,000001.XSHE,1496569118,,SELL,平安银行,1801.887,2011-07-22 15:00:00,3243.3966
2011-08-16 15:00:00,1437.6560000000002,1496569113,17.05,105400,000001.XSHE,1496569119,,BUY,平安银行,0.0,2011-08-16 15:00:00,1437.6560000000002
2011-08-24 15:00:00,1382.0048000000002,1496569114,16.39,105400,000001.XSHE,1496569120,,SELL,平安银行,1727.506,2011-08-24 15:00:00,3109.5108
2011-08-25 15:00:00,1378.8768,1496569115,17.34,99400,000001.XSHE,1496569121,,BUY,平安银行,0.0,2011-08-25 15:00:00,1378.8768
2011-09-06 15:00:00,1300.9472,1496569116,16.36,99400,000001.XSHE,1496569122,,SELL,平安银行,1626.184,2011-09-06 15:00:00,2927.1312
2011-09-16 15:00:00,1297.44,1496569117,17.0,95400,000001.XSHE,1496569123,,BUY,平安银行,0.0,2011-09-16 15:00:00,1297.44
2011-09-26 15:00:00,1224.1728,1496569118,16.04,95400,000001.XSHE,1496569124,,SELL,平安银行,1530.2160000000001,2011-09-26 15:00:00,2754.3888
2011-10-14 15:00:00,1221.1104,1496569119,16.36,93300,000001.XSHE,1496569125,,BUY,平安银行,0.0,2011-10-14 15:00:00,1221.1104
2011-10-20 15:00:00,1179.3120000000001,1496569120,15.8,93300,000001.XSHE,1496569126,,SELL,平安银行,1474.14,2011-10-20 15:00:00,2653.452
2011-10-24 15:00:00,1175.6136000000001,1496569121,16.53,88900,000001.XSHE,1496569127,,BUY,平安银行,0.0,2011-10-24 15:00:00,1175.6136000000001
2011-11-11 15:00:00,1178.4584,1496569122,16.57,88900,000001.XSHE,1496569128,,SELL,平安银行,1473.073,2011-11-11 15:00:00,2651.5314
2011-12-07 15:00:00,1176.144,1496569123,16.05,91600,000001.XSHE,1496569129,,BUY,平安银行,0.0,2011-12-07 15:00:00,1176.144
2011-12-14 15:00:00,1143.1680000000001,1496569124,15.6,91600,000001.XSHE,1496569130,,SELL,平安银行,1428.96,2011-12-14 15:00:00,2572.128
2011-12-26 15:00:00,1139.8464000000001,1496569125,15.42,92400,000001.XSHE,1496569131,,BUY,平安银行,0.0,2011-12-26 15:00:00,1139.8464000000001
2012-02-16 15:00:00,1215.9840000000002,1496569126,16.45,92400,000001.XSHE,1496569132,,SELL,平安银行,1519.98,2012-02-16 15:00:00,2735.964
2012-02-28 15:00:00,1213.02,1496569127,17.25,87900,000001.XSHE,1496569133,,BUY,平安银行,0.0,2012-02-28 15:00:00,1213.02
2012-03-07 15:00:00,1181.376,1496569128,16.8,87900,000001.XSHE,1496569134,,SELL,平安银行,1476.72,2012-03-07 15:00:00,2658.096
2012-04-12 15:00:00,1178.3727999999999,1496569129,16.33,90200,000001.XSHE,1496569135,,BUY,平安银行,0.0,2012-04-12 15:00:00,1178.3727999999999
2012-05-09 15:00:00,1166.1056,1496569130,16.16,90200,000001.XSHE,1496569136,,SELL,平安银行,1457.632,2012-05-09 15:00:00,2623.7376000000004
2012-06-19 15:00:00,1162.66,1496569131,15.25,95300,000001.XSHE,1496569137,,BUY,平安银行,0.0,2012-06-19 15:00:00,1162.66
2012-07-25 15:00:00,1116.1536,1496569132,14.64,95300,000001.XSHE,1496569138,,SELL,平安银行,1395.192,2012-07-25 15:00:00,2511.3456
2012-07-30 15:00:00,1113.156,1496569133,14.85,93700,000001.XSHE,1496569139,,BUY,平安银行,0.0,2012-07-30 15:00:00,1113.156
2012-08-20 15:00:00,1113.156,1496569134,14.85,93700,000001.XSHE,1496569140,,SELL,平安银行,1391.445,2012-08-20 15:00:00,2504.6009999999997
2012-09-14 15:00:00,1110.512,1496569135,14.05,98800,000001.XSHE,1496569141,,BUY,平安银行,0.0,2012-09-14 15:00:00,1110.512
2012-09-17 15:00:00,1083.6384,1496569136,13.71,98800,000001.XSHE,1496569142,,SELL,平安银行,1354.548,2012-09-17 15:00:00,2438.1864
2012-10-09 15:00:00,1081.2744,1496569137,13.29,101700,000001.XSHE,1496569143,,BUY,平安银行,0.0,2012-10-09 15:00:00,1081.2744
2012-11-16 15:00:00,1065.816,1496569138,13.1,101700,000001.XSHE,1496569144,,SELL,平安银行,1332.27,2012-11-16 15:00:00,2398.0860000000002
2012-12-06 15:00:00,1071.0728000000001,1496569139,13.51,99100,000001.XSHE,1496569145,,BUY,平安银行,0.0,2012-12-06 15:00:00,1071.0728000000001
2013-01-11 15:00:00,1232.0112000000001,1496569140,15.54,99100,000001.XSHE,1496569146,,SELL,平安银行,1540.0140000000001,2013-01-11 15:00:00,2772.0252
2013-03-01 15:00:00,1228.6368,1496569141,23.06,66600,000001.XSHE,1496569148,,BUY,平安银行,0.0,2013-03-01 15:00:00,1228.6368
2013-03-12 15:00:00,1157.2416,1496569142,21.72,66600,000001.XSHE,1496569149,,SELL,平安银行,1446.5520000000001,2013-03-12 15:00:00,2603.7936
2013-04-22 15:00:00,1153.9192,1496569143,20.23,71300,000001.XSHE,1496569150,,BUY,平安银行,0.0,2013-04-22 15:00:00,1153.9192
2013-04-26 15:00:00,1066.6480000000001,1496569144,18.7,71300,000001.XSHE,1496569151,,SELL,平安银行,1333.31,2013-04-26 15:00:00,2399.958
2013-05-03 15:00:00,1063.8416,1496569145,19.73,67400,000001.XSHE,1496569152,,BUY,平安银行,0.0,2013-05-03 15:00:00,1063.8416
2013-06-06 15:00:00,1085.4096,1496569146,20.13,67400,000001.XSHE,1496569153,,SELL,平安银行,1356.762,2013-06-06 15:00:00,2442.1715999999997
2013-10-25 15:00:00,1082.9952,1496569147,13.43,100800,000001.XSHE,1496569155,,BUY,平安银行,0.0,2013-10-25 15:00:00,1082.9952
2013-11-07 15:00:00,1070.0928000000001,1496569148,13.27,100800,000001.XSHE,1496569156,,SELL,平安银行,1337.616,2013-11-07 15:00:00,2407.7088000000003
2014-01-03 15:00:00,1067.0192,1496569149,11.93,111800,000001.XSHE,1496569157,,BUY,平安银行,0.0,2014-01-03 15:00:00,1067.0192
2014-01-06 15:00:00,1043.7648000000002,1496569150,11.67,111800,000001.XSHE,1496569158,,SELL,平安银行,1304.7060000000001,2014-01-06 15:00:00,2348.4708
2014-01-08 15:00:00,1041.4656,1496569151,11.76,110700,000001.XSHE,1496569159,,BUY,平安银行,0.0,2014-01-08 15:00:00,1041.4656
2014-02-24 15:00:00,988.3296,1496569152,11.16,110700,000001.XSHE,1496569160,,SELL,平安银行,1235.412,2014-02-24 15:00:00,2223.7416000000003
2014-03-21 15:00:00,985.7744,1496569153,10.79,114200,000001.XSHE,1496569161,,BUY,平安银行,0.0,2014-03-21 15:00:00,985.7744
2014-04-21 15:00:00,976.6384,1496569154,10.69,114200,000001.XSHE,1496569162,,SELL,平安银行,1220.798,2014-04-21 15:00:00,2197.4364
2014-04-23 15:00:00,973.6080000000001,1496569155,11.3,107700,000001.XSHE,1496569163,,BUY,平安银行,0.0,2014-04-23 15:00:00,973.6080000000001
2014-05-05 15:00:00,946.8984,1496569156,10.99,107700,000001.XSHE,1496569164,,SELL,平安银行,1183.623,2014-05-05 15:00:00,2130.5214
2014-05-12 15:00:00,944.3952,1496569157,11.34,104100,000001.XSHE,1496569165,,BUY,平安银行,0.0,2014-05-12 15:00:00,944.3952
2014-06-04 15:00:00,943.5624,1496569158,11.33,104100,000001.XSHE,1496569166,,SELL,平安银行,1179.453,2014-06-04 15:00:00,2123.0154
2014-06-10 15:00:00,940.94,1496569159,11.75,100100,000001.XSHE,1496569167,,BUY,平安银行,0.0,2014-06-10 15:00:00,940.94
2014-06-24 15:00:00,784.7840000000001,1496569160,9.8,100100,000001.XSHE,1496569168,,SELL,平安银行,980.9800000000001,2014-06-24 15:00:00,1765.7640000000001
2014-07-24 15:00:00,795.7312000000001,1496569161,10.16,97900,000001.XSHE,1496569169,,BUY,平安银行,0.0,2014-07-24 15:00:00,795.7312000000001
2014-08-12 15:00:00,830.192,1496569162,10.6,97900,000001.XSHE,1496569170,,SELL,平安银行,1037.74,2014-08-12 15:00:00,1867.932
2014-09-05 15:00:00,827.8424,1496569163,10.57,97900,000001.XSHE,1496569171,,BUY,平安银行,0.0,2014-09-05 15:00:00,827.8424
2014-09-10 15:00:00,809.0456,1496569164,10.33,97900,000001.XSHE,1496569172,,SELL,平安银行,1011.307,2014-09-10 15:00:00,1820.3526000000002
2014-10-16 15:00:00,807.024,1496569165,10.2,98900,000001.XSHE,1496569173,,BUY,平安银行,0.0,2014-10-16 15:00:00,807.024
2014-10-22 15:00:00,799.1120000000001,1496569166,10.1,98900,000001.XSHE,1496569174,,SELL,平安银行,998.89,2014-10-22 15:00:00,1798.002
2014-10-23 15:00:00,797.0816000000001,1496569167,10.24,97300,000001.XSHE,1496569175,,BUY,平安银行,0.0,2014-10-23 15:00:00,797.0816000000001
2014-11-18 15:00:00,825.8824000000001,1496569168,10.61,97300,000001.XSHE,1496569176,,SELL,平安银行,1032.353,2014-11-18 15:00:00,1858.2354
2014-11-27 15:00:00,824.2728000000001,1496569169,11.31,91100,000001.XSHE,1496569177,,BUY,平安银行,0.0,2014-11-27 15:00:00,824.2728000000001
2014-12-24 15:00:00,1025.4216000000001,1496569170,14.07,91100,000001.XSHE,1496569178,,SELL,平安银行,1281.777,2014-12-24 15:00:00,2307.1986
2015-01-05 15:00:00,1022.7168,1496569171,16.02,79800,000001.XSHE,1496569179,,BUY,平安银行,0.0,2015-01-05 15:00:00,1022.7168
2015-01-07 15:00:00,988.2432,1496569172,15.48,79800,000001.XSHE,1496569180,,SELL,平安银行,1235.304,2015-01-07 15:00:00,2223.5472
2015-02-16 15:00:00,985.5360000000001,1496569173,13.92,88500,000001.XSHE,1496569181,,BUY,平安银行,0.0,2015-02-16 15:00:00,985.5360000000001
2015-03-05 15:00:00,947.3040000000001,1496569174,13.38,88500,000001.XSHE,1496569182,,SELL,平安银行,1184.13,2015-03-05 15:00:00,2131.434
2015-03-09 15:00:00,945.22,1496569175,14.15,83500,000001.XSHE,1496569183,,BUY,平安银行,0.0,2015-03-09 15:00:00,945.22
2015-04-27 15:00:00,1096.8560000000002,1496569176,16.42,83500,000001.XSHE,1496569184,,SELL,平安银行,1371.0700000000002,2015-04-27 15:00:00,2467.9260000000004
2015-05-27 15:00:00,1104.8192000000001,1496569177,16.48,83800,000001.XSHE,1496569185,,BUY,平安银行,0.0,2015-05-27 15:00:00,1104.8192000000001
2015-05-28 15:00:00,1039.1200000000001,1496569178,15.5,83800,000001.XSHE,1496569186,,SELL,平安银行,1298.9,2015-05-28 15:00:00,2338.0200000000004
2015-06-08 15:00:00,1036.0168,1496569179,17.29,74900,000001.XSHE,1496569187,,BUY,平安银行,0.0,2015-06-08 15:00:00,1036.0168
2015-06-15 15:00:00,953.9264000000001,1496569180,15.92,74900,000001.XSHE,1496569188,,SELL,平安银行,1192.4080000000001,2015-06-15 15:00:00,2146.3344
2015-07-10 15:00:00,952.2288000000001,1496569181,14.86,80100,000001.XSHE,1496569189,,BUY,平安银行,0.0,2015-07-10 15:00:00,952.2288000000001
2015-07-27 15:00:00,797.1552,1496569182,12.44,80100,000001.XSHE,1496569190,,SELL,平安银行,996.4440000000001,2015-07-27 15:00:00,1793.5992
2015-08-05 15:00:00,794.6808000000001,1496569183,12.59,78900,000001.XSHE,1496569191,,BUY,平安银行,0.0,2015-08-05 15:00:00,794.6808000000001
2015-08-21 15:00:00,725.88,1496569184,11.5,78900,000001.XSHE,1496569192,,SELL,平安银行,907.35,2015-08-21 15:00:00,1633.23
2015-09-01 15:00:00,723.8192,1496569185,11.57,78200,000001.XSHE,1496569193,,BUY,平安银行,0.0,2015-09-01 15:00:00,723.8192
2015-11-03 15:00:00,691.288,1496569186,11.05,78200,000001.XSHE,1496569194,,SELL,平安银行,864.11,2015-11-03 15:00:00,1555.3980000000001
2015-11-04 15:00:00,690.1776,1496569187,11.69,73800,000001.XSHE,1496569195,,BUY,平安银行,0.0,2015-11-04 15:00:00,690.1776
2015-11-24 15:00:00,725.0112,1496569188,12.28,73800,000001.XSHE,1496569196,,SELL,平安银行,906.264,2015-11-24 15:00:00,1631.2752
2015-12-21 15:00:00,722.5776000000001,1496569189,12.51,72200,000001.XSHE,1496569197,,BUY,平安银行,0.0,2015-12-21 15:00:00,722.5776000000001
2015-12-29 15:00:00,698.3184,1496569190,12.09,72200,000001.XSHE,1496569198,,SELL,平安银行,872.898,2015-12-29 15:00:00,1571.2164
2016-02-04 15:00:00,696.4999999999999,1496569191,9.95,87500,000001.XSHE,1496569199,,BUY,平安银行,0.0,2016-02-04 15:00:00,696.4999999999999
2016-04-08 15:00:00,739.9000000000001,1496569192,10.57,87500,000001.XSHE,1496569200,,SELL,平安银行,924.875,2016-04-08 15:00:00,1664.775
2016-04-11 15:00:00,738.3936,1496569193,10.72,86100,000001.XSHE,1496569201,,BUY,平安银行,0.0,2016-04-11 15:00:00,738.3936
2016-04-12 15:00:00,734.9496,1496569194,10.67,86100,000001.XSHE,1496569202,,SELL,平安银行,918.687,2016-04-12 15:00:00,1653.6366
2016-04-13 15:00:00,733.3504,1496569195,10.81,84800,000001.XSHE,1496569203,,BUY,平安银行,0.0,2016-04-13 15:00:00,733.3504
2016-04-20 15:00:00,713.6768000000001,1496569196,10.52,84800,000001.XSHE,1496569204,,SELL,平安银行,892.096,2016-04-20 15:00:00,1605.7728000000002
2016-05-31 15:00:00,711.4920000000001,1496569197,10.55,84300,000001.XSHE,1496569205,,BUY,平安银行,0.0,2016-05-31 15:00:00,711.4920000000001
2016-08-04 15:00:00,606.2856,1496569198,8.99,84300,000001.XSHE,1496569206,,SELL,平安银行,757.857,2016-08-04 15:00:00,1364.1426000000001
2016-08-12 15:00:00,614.84,1496569199,9.5,80900,000001.XSHE,1496569207,,BUY,平安银行,0.0,2016-08-12 15:00:00,614.84
2016-08-23 15:00:00,608.368,1496569200,9.4,80900,000001.XSHE,1496569208,,SELL,平安银行,760.46,2016-08-23 15:00:00,1368.828
2016-10-12 15:00:00,606.9624000000001,1496569201,9.13,83100,000001.XSHE,1496569209,,BUY,平安银行,0.0,2016-10-12 15:00:00,606.9624000000001
2016-11-09 15:00:00,602.9736,1496569202,9.07,83100,000001.XSHE,1496569210,,SELL,平安银行,753.717,2016-11-09 15:00:00,1356.6906
2016-11-10 15:00:00,601.0464000000001,1496569203,9.14,82200,000001.XSHE,1496569211,,BUY,平安银行,0.0,2016-11-10 15:00:00,601.0464000000001
2016-12-07 15:00:00,623.4048,1496569204,9.48,82200,000001.XSHE,1496569212,,SELL,平安银行,779.256,2016-12-07 15:00:00,1402.6608
2016-12-09 15:00:00,622.2320000000001,1496569205,9.65,80600,000001.XSHE,1496569213,,BUY,平安银行,0.0,2016-12-09 15:00:00,622.2320000000001
2016-12-12 15:00:00,612.5600000000001,1496569206,9.5,80600,000001.XSHE,1496569214,,SELL,平安银行,765.7,2016-12-12 15:00:00,1378.2600000000002
2017-01-09 15:00:00,610.488,1496569207,9.15,83400,000001.XSHE,1496569215,,BUY,平安银行,0.0,2017-01-09 15:00:00,610.488
2017-03-01 15:00:00,633.1728,1496569208,9.49,83400,000001.XSHE,1496569216,,SELL,平安银行,791.466,2017-03-01 15:00:00,1424.6388000000002
2017-04-10 15:00:00,631.5840000000001,1496569209,9.18,86000,000001.XSHE,1496569217,,BUY,平安银行,0.0,2017-04-10 15:00:00,631.5840000000001
2017-04-12 15:00:00,627.4559999999999,1496569210,9.12,86000,000001.XSHE,1496569218,,SELL,平安银行,784.3199999999999,2017-04-12 15:00:00,1411.7759999999998
2017-04-28 15:00:00,626.4232000000001,1496569211,8.99,87100,000001.XSHE,1496569219,,BUY,平安银行,0.0,2017-04-28 15:00:00,626.4232000000001
2017-05-03 15:00:00,620.8488,1496569212,8.91,87100,000001.XSHE,1496569220,,SELL,平安银行,776.061,2017-05-03 15:00:00,1396.9098
2017-05-12 15:00:00,618.7280000000001,1496569213,8.9,86900,000001.XSHE,1496569221,,BUY,平安银行,0.0,2017-05-12 15:00:00,618.7280000000001
